F,020200001,予期せぬエラーが発生しました。,システムを再起動してください。再起動後も問題が解決しない場合は、サービスパーソンに連絡してください。
F,020200002,システム起動に失敗しました。,システムを再起動してください。再起動後も問題が解決しない場合は、サービスパーソンに連絡してください。
E,020201001,内部エラーが発生しました。,再度実行してください。問題が解決しない場合は、サービスパーソンに連絡してください。
E,020201003,センサーのバッテリー残量が低下しています。,充電してください。
E,020201004,パターンファイルの読み込みに予期せぬエラーが発生したため、ガンマ調整できません。,システムを再起動してください。再起動後も問題が解決しない場合は、サービスパーソンに連絡してください。
E,020201005,バーコードリーダーへの接続に失敗しました。,ケーブルが正しく接続されていることを確認し、システムを再起動してください。再起動後も問題が解決しない場合は、サービスパーソンに連絡してください。
E,020201006,指定された検査を開始できませんでした。,検査画面に戻って再度実行してください。
E,020201007,センサー通信エラーが発生しました。,このプロトコルで再撮影を行ってください。問題が解決しない場合は、サービスパーソンに連絡してください。
E,020201008,センサーの温度が動作可能な範囲を超過しました。,電源投入のまましばらく使用を停止してください。
E,020201009,オーバーラップソフトの起動に失敗しました。,システムを再起動してください。再起動後も問題が解決しない場合は、サービスパーソンに連絡してください。
E,020201010,センサーのバッテリー残量が低下しています。,充電してください。
E,020201011,センサーにバッテリーが装着されていないため、撮影できません。,撮影を行う場合はセンサーにバッテリーを装着してください。
E,020201012,センサーのバッテリーが不足しているため、撮影できません。,充電してください。
E,020201013,センサーのバッテリーが不足しているため、撮影できません。,充電してください。
E,020201014,手動同期モードを開始できませんでした。,手動同期モードをキャンセルして、再度実行してください。
E,020201015,内部エラーが発生しました。,手動同期モードを終了します。
W,020202001,センサーの温度が動作可能な範囲を超過する恐れがあります。,電源投入のまましばらく使用を控えてください。
W,020202002,センサーの温度が動作可能な範囲を超過しました。,電源投入のまましばらく使用を停止してください。
W,020202003,センサーが利用できなくなりました。照射終了しました。,
W,020202004,センサーのバッテリー残量が低下しています。,充電してください。
W,020202005,指定容量を削除できませんでした。,
W,020202006,EItが設定されていないため、DIのチェックが行えませんでした。,
E,030100001,キャリブレーションデータがありません。,QCツールより、キャリブレーションを行ってください。
E,03010000A,データベースのバックアップに失敗しました。,設定内容を確認してください。
E,03010000E,予期せぬエラーが発生しました。,システムを再起動してください。再起動後も問題が解決しない場合は、サービスパーソンに連絡してください。
E,03010000F,照射キャンセルを失敗しました。,しばらく経ってから再度実行してください。
E,030100010,内部エラーが発生しました。,
E,030100011,内部エラーが発生しました。,
F,030100002,必要なサービスの起動に失敗しました。,システムを再起動してください。再起動後も問題が解決しない場合は、サービスパーソンに連絡してください。
F,030100003,システムエラーが発生しました。,システムを再起動してください。再起動後も問題が解決しない場合は、サービスパーソンに連絡してください。
F,030100004,システム起動に失敗しました。,システムを再起動してください。再起動後も問題が解決しない場合は、サービスパーソンに連絡してください。
F,030100005,必要なCOM+サーバーがインストールされていません。,サービスパーソンに連絡してください。
F,030100006,サービスの起動チェックでエラーが発生しました。,システムを再起動してください。再起動後も問題が解決しない場合は、サービスパーソンに連絡してください。
E,030100007,センサーがHTモードで動作していません。,QCツールより、モード遷移を行ってください。
E,030100008,予期せぬエラーが発生しました。,システムを再起動してください。再起動後も問題が解決しない場合は、サービスパーソンに連絡してください。
F,030100009,システム起動に失敗しました。,システムを再起動してください。再起動後も問題が解決しない場合は、サービスパーソンに連絡してください。
F,03010000D,データベースに対する操作が失敗しました。,システムを再起動してください。再起動後も問題が解決しない場合は、サービスパーソンに連絡してください。
F,03010000B,システム起動に失敗しました。,システムを再起動してください。再起動後も問題が解決しない場合は、サービスパーソンに連絡してください。
E,030201001,センサー通信エラーが発生しました。,ケーブルが断線している、センサー電源断等の可能性があります。ケーブルが正しく接続されていることを確認し、センサーを再起動してください。再起動後も問題が解決しない場合は、サービスパーソンに連絡してください。
E,030201002,取得データに周期性ノイズが検出されました。,キャリブレーション撮影ではグリッドを外す必要があります。
E,030201003,クーリングユニットが着脱されました。,処理を中断します。
E,030201004,キャリブレーションデータのチェックに失敗しました。,センサーに異常が発生したか、センサーの電源が入っていない可能性があります。ケーブルが正しく接続されていることを確認し、センサーを再起動してください。再起動後も問題が解決しない場合は、サービスパーソンに連絡してください。
E,030201005,ジェネレータとの接続が切断されました。,システム画面にてジェネレータの再接続を試みてください。それでも接続が回復しない場合は、システムを再起動してください。問題が解決しない場合は、サービスパーソンに連絡してください。
E,030201006,ジェネレータとの接続が切断されました。,システム画面にてジェネレータの再接続を試みてください。それでも接続が回復しない場合は、システムを再起動してください。問題が解決しない場合は、サービスパーソンに連絡してください。
E,030201007,撮影準備に失敗しました。,システムを再起動してください。再起動後も問題が解決しない場合は、サービスパーソンに連絡してください。
E,030201008,センサーのバッテリーが不足しています。,処理を中断します。
E,030201009,センサーの温度が動作可能な範囲を超過しました。,電源投入のまましばらく使用を停止してください。
E,030201010,センサーのバッテリーが外れています。,装着してください。
E,030201011,元データ取得を開始できませんでした。,再度実行してください。問題が解決しない場合は、サービスパーソンに連絡してください。
E,030201FFF,内部エラーが発生しました。,システムを再起動してください。再起動後も問題が解決しない場合は、サービスパーソンに連絡してください。
F,030202001,内部エラーが発生しました。,システムを再起動してください。再起動後も問題が解決しない場合は、サービスパーソンに連絡してください。
F,030202002,ワークスペース一覧の取得に失敗しました。,システムを再起動してください。再起動後も問題が解決しない場合は、サービスパーソンに連絡してください。
F,030202003,使用するワークスペースの設定に失敗しました。,システムを再起動してください。再起動後も問題が解決しない場合は、サービスパーソンに連絡してください。
F,030202004,キャリブレーションを開始できませんでした。,システムを再起動してください。再起動後も問題が解決しない場合は、サービスパーソンに連絡してください。
F,030202005,パフォーマンステストを開始できませんでした。,システムを再起動してください。再起動後も問題が解決しない場合は、サービスパーソンに連絡してください。
F,030202006,自己診断を開始できませんでした。,システムを再起動してください。再起動後も問題が解決しない場合は、サービスパーソンに連絡してください。
F,030202007,キャリブレーション履歴の取得に失敗しました。,システムを再起動してください。再起動後も問題が解決しない場合は、サービスパーソンに連絡してください。
F,030202008,パフォーマンステスト履歴の取得に失敗しました。,システムを再起動してください。再起動後も問題が解決しない場合は、サービスパーソンに連絡してください。
F,030202009,自己診断履歴の取得に失敗しました。,システムを再起動してください。再起動後も問題が解決しない場合は、サービスパーソンに連絡してください。
F,03020200A,グリッド情報の取得に失敗しました。,システムを再起動してください。再起動後も問題が解決しない場合は、サービスパーソンに連絡してください。
F,03020200B,欠陥データ取得に失敗しました。,システムを再起動してください。再起動後も問題が解決しない場合は、サービスパーソンに連絡してください。
F,03020200C,プロトコルの取得に失敗しました。,システムを再起動してください。再起動後も問題が解決しない場合は、サービスパーソンに連絡してください。
F,03020200D,テスト結果の保存に失敗しました。,システムを再起動してください。再起動後も問題が解決しない場合は、サービスパーソンに連絡してください。
F,03020200E,メモリ領域の確保に失敗しました。,システムを再起動してください。再起動後も問題が解決しない場合は、サービスパーソンに連絡してください。
F,03020200F,撮影準備に失敗しました。,システムを再起動してください。再起動後も問題が解決しない場合は、サービスパーソンに連絡してください。
F,030202010,撮影準備に失敗しました。,システムを再起動してください。再起動後も問題が解決しない場合は、サービスパーソンに連絡してください。
F,030202011,画像処理に失敗しました。,システムを再起動してください。再起動後も問題が解決しない場合は、サービスパーソンに連絡してください。
F,030202012,テスト結果の保存に失敗しました。,システムを再起動してください。再起動後も問題が解決しない場合は、サービスパーソンに連絡してください。
F,030202013,平均画像の生成に失敗しました。,システムを再起動してください。再起動後も問題が解決しない場合は、サービスパーソンに連絡してください。
F,030202014,センサー情報の保存に失敗しました。,システムを再起動してください。再起動後も問題が解決しない場合は、サービスパーソンに連絡してください。
F,030202015,画像データの転送に失敗しました。,システムを再起動してください。再起動後も問題が解決しない場合は、サービスパーソンに連絡してください。
F,030202016,機能診断に失敗しました。,システムを再起動してください。再起動後も問題が解決しない場合は、サービスパーソンに連絡してください。
F,030202017,自己診断を開始できませんでした。,システムを再起動してください。再起動後も問題が解決しない場合は、サービスパーソンに連絡してください。
F,030202018,キャブレーションデータの作成に失敗しました。,システムを再起動してください。再起動後も問題が解決しない場合は、サービスパーソンに連絡してください。
F,030202019,キャブレーションデータの保存に失敗しました。,システムを再起動してください。再起動後も問題が解決しない場合は、サービスパーソンに連絡してください。
F,03020201A,欠陥画素の抽出に失敗しました。,システムを再起動してください。再起動後も問題が解決しない場合は、サービスパーソンに連絡してください。
F,03020201B,キャリブレーションデータのアップロードに失敗しました。,システムを再起動してください。再起動後も問題が解決しない場合は、サービスパーソンに連絡してください。
F,03020201C,画像データの転送に失敗しました。,システムを再起動してください。再起動後も問題が解決しない場合は、サービスパーソンに連絡してください。
F,03020201D,画像の転送に失敗しました。,システムを再起動してください。再起動後も問題が解決しない場合は、サービスパーソンに連絡してください。
F,03020201E,画像の転送に失敗しました。,システムを再起動してください。再起動後も問題が解決しない場合は、サービスパーソンに連絡してください。
F,03020201F,センサーエラーが発生しました。,システムを再起動してください。再起動後も問題が解決しない場合は、サービスパーソンに連絡してください。
F,030202020,照射メモの取得に失敗しました。,システムを再起動してください。再起動後も問題が解決しない場合は、サービスパーソンに連絡してください。
F,030202021,使用しているセンサーのファームウェアとの互換性がありません。,最適なファームウェアに更新してください。
F,030202022,適切なJumboパケット設定がなされていないか、Jumboパケット対応のネットワークカードが使用されていません。,サービスパーソンに連絡してください。
F,030202023,センサー登録後にファームウェアのバージョンアップが実施された可能性があります。,センサーを登録し直してください。
W,030203001,キャリブレーションデータの取得に失敗しました。,
W,030203002,撮影画像の取得に失敗しました。処理を中断します。,
W,030203003,センサーの温度が動作可能な範囲を超過しました。,電源投入のまましばらく使用を停止してください。
F,03020FFFF,内部エラーが発生しました。,システムを再起動してください。再起動後も問題が解決しない場合は、サービスパーソンに連絡してください。
F,030300001,予期せぬエラーが発生しました。,システムを再起動してください。再起動後も問題が解決しない場合は、サービスパーソンに連絡してください。
F,030300002,予期せぬエラーが発生しました。,システムを再起動してください。再起動後も問題が解決しない場合は、サービスパーソンに連絡してください。
E,040100000,内部エラーが発生しました。,再度実行してください。問題が解決しない場合は、サービスパーソンに連絡してください。
E,040100001,登録されていないワークスペースが指定されました。,設定内容を確認してください。問題が解決しない場合は、サービスパーソンに連絡してください。
E,040100002,内部エラーが発生しました。,再度実行してください。問題が解決しない場合は、サービスパーソンに連絡してください。
E,040100003,内部エラーが発生しました。,再度実行してください。問題が解決しない場合は、サービスパーソンに連絡してください。
E,040100004,内部エラーが発生しました。,再度実行してください。問題が解決しない場合は、サービスパーソンに連絡してください。
E,040100005,内部エラーが発生しました。,再度実行してください。問題が解決しない場合は、サービスパーソンに連絡してください。
E,040100006,内部エラーが発生しました。,再度実行してください。問題が解決しない場合は、サービスパーソンに連絡してください。
E,040100007,内部エラーが発生しました。,再度実行してください。問題が解決しない場合は、サービスパーソンに連絡してください。
E,040100008,未登録なセンサーが指定されました。,設定内容を確認してください。問題が解決しない場合は、サービスパーソンに連絡してください。
E,040100009,内部エラーが発生しました。,再度実行してください。問題が解決しない場合は、サービスパーソンに連絡してください。
E,040100010,内部エラーが発生しました。,再度実行してください。問題が解決しない場合は、サービスパーソンに連絡してください。
E,040100011,内部エラーが発生しました。,再度実行してください。問題が解決しない場合は、サービスパーソンに連絡してください。
E,040100012,内部エラーが発生しました。,再度実行してください。問題が解決しない場合は、サービスパーソンに連絡してください。
E,040100013,内部エラーが発生しました。,再度実行してください。問題が解決しない場合は、サービスパーソンに連絡してください。
E,040100014,内部エラーが発生しました。,再度実行してください。問題が解決しない場合は、サービスパーソンに連絡してください。
E,040100015,内部エラーが発生しました。,再度実行してください。問題が解決しない場合は、サービスパーソンに連絡してください。
E,040100016,内部エラーが発生しました。,再度実行してください。問題が解決しない場合は、サービスパーソンに連絡してください。
E,040100017,内部エラーが発生しました。,再度実行してください。問題が解決しない場合は、サービスパーソンに連絡してください。
E,040100020,内部エラーが発生しました。,再度実行してください。問題が解決しない場合は、サービスパーソンに連絡してください。
E,040100021,内部エラーが発生しました。,再度実行してください。問題が解決しない場合は、サービスパーソンに連絡してください。
E,040100022,内部エラーが発生しました。,再度実行してください。問題が解決しない場合は、サービスパーソンに連絡してください。
E,040100023,ジェネレータとの接続を確立できませんでした。,システム画面にてジェネレータの再接続を試みてください。それでも接続が回復しない場合は、システムを再起動してください。
E,040100024,ジェネレータとの接続が切断されました。,システム画面にてジェネレータの再接続を試みてください。それでも接続が回復しない場合は、システムを再起動してください。問題が解決しない場合は、サービスパーソンに連絡してください。
E,040100025,ジェネレータとの接続が切断されました。,システム画面にてジェネレータの再接続を試みてください。それでも接続が回復しない場合は、システムを再起動してください。問題が解決しない場合は、サービスパーソンに連絡してください。
E,040100026,内部エラーが発生しました。,再度実行してください。問題が解決しない場合は、サービスパーソンに連絡してください。
E,040100027,内部エラーが発生しました。,再度実行してください。問題が解決しない場合は、サービスパーソンに連絡してください。
E,040100028,内部エラーが発生しました。,再度実行してください。問題が解決しない場合は、サービスパーソンに連絡してください。
E,040100029,内部エラーが発生しました。,再度実行してください。問題が解決しない場合は、サービスパーソンに連絡してください。
E,040100030,内部エラーが発生しました。,再度実行してください。問題が解決しない場合は、サービスパーソンに連絡してください。
E,040100031,内部エラーが発生しました。,再度実行してください。問題が解決しない場合は、サービスパーソンに連絡してください。
E,040100032,内部エラーが発生しました。,再度実行してください。問題が解決しない場合は、サービスパーソンに連絡してください。
E,040100033,内部エラーが発生しました。,再度実行してください。問題が解決しない場合は、サービスパーソンに連絡してください。
E,040100035,ジェネレータとの接続が切断されました。,システム画面にてジェネレータの再接続を試みてください。それでも接続が回復しない場合は、システムを再起動してください。問題が解決しない場合は、サービスパーソンに連絡してください。
E,040100036,内部エラーが発生しました。,再度実行してください。問題が解決しない場合は、サービスパーソンに連絡してください。
E,040100037,内部エラーが発生しました。,再度実行してください。問題が解決しない場合は、サービスパーソンに連絡してください。
E,040100038,内部エラーが発生しました。,再度実行してください。問題が解決しない場合は、サービスパーソンに連絡してください。
E,040100039,内部エラーが発生しました。,再度実行してください。問題が解決しない場合は、サービスパーソンに連絡してください。
E,040100041,センサー特性補正データが不適切です。,再度実行してください。問題が解決しない場合は、QCツールよりキャリブレーションを行ってください。
E,040100042,センサー特性補正データのチェックに失敗しました。,再度実行してください。問題が解決しない場合は、QCツールよりキャリブレーションを行ってください。
E,040100043,ジェネレータとの通信に失敗しました。通信を正常化させるために、システムを再起動してください。,問題が解決しない場合は、サービスパーソンに連絡してください。
E,040100044,ジェネレータとの通信に失敗しました。通信を正常化させるために、システムを再起動してください。,問題が解決しない場合は、サービスパーソンに連絡してください。
W,040100045,キャリブレーションデータが不正です。,キャリブレーションデータを更新してください。
E,040100046,内部エラーが発生しました。,再度実行してください。問題が解決しない場合は、サービスパーソンに連絡してください。
E,040100047,内部エラーが発生しました。,再度実行してください。問題が解決しない場合は、サービスパーソンに連絡してください。
E,040100048,内部エラーが発生しました。,再度実行してください。問題が解決しない場合は、サービスパーソンに連絡してください。
E,040100049,内部エラーが発生しました。,再度実行してください。問題が解決しない場合は、サービスパーソンに連絡してください。
E,040100050,ジェネレータとの通信に失敗しました。通信を正常化させるために、システムを再起動してください。,問題が解決しない場合は、サービスパーソンに連絡してください。
E,040100051,ジェネレータとの通信に失敗しました。通信を正常化させるために、システムを再起動してください。,問題が解決しない場合は、サービスパーソンに連絡してください。
W,040100052,センサーから警告が通知されました。,
E,040100053,センサーからエラーが通知されました。,再度実行してください。問題が解決しない場合は、サービスパーソンに連絡してください。
E,040100054,センサーから致命的なエラーが通知されました。,システムを再起動してください。再起動後も問題が解決しない場合は、サービスパーソンに連絡してください。
E,040100055,ジェネレータとの通信に失敗しました。,
E,040100056,ジェネレータとの接続が切断されました。,システム画面にてジェネレータの再接続を試みてください。それでも接続が回復しない場合は、システムを再起動してください。問題が解決しない場合は、サービスパーソンに連絡してください。
E,040100057,内部エラーが発生しました。,再度実行してください。問題が解決しない場合は、サービスパーソンに連絡してください。
E,040100058,内部エラーが発生しました。,再度実行してください。問題が解決しない場合は、サービスパーソンに連絡してください。
E,040100059,画像の再送要求に失敗しました。,
E,040100060,駆動モードの設定に失敗しました。,再度実行してください。問題が解決しない場合は、サービスパーソンに連絡してください。
E,040100061,スティッチ終了情報受信に失敗しました。,問題が解決しない場合は、サービスパーソンに連絡してください。
E,040100062,スティッチ終了情報通知に失敗しました。,問題が解決しない場合は、サービスパーソンに連絡してください。
F,040100063,使用しているセンサーのファームウェアとの互換性がありません。,最適なファームウェアに更新してください。
F,040100064,センサー登録後にファームウェアのバージョンアップが実施された可能性があります。,センサーを登録し直してください。
F,040100065,適切なJumboパケット設定がなされていないか、Jumboパケット対応のネットワークカードが使用されていません。,サービスパーソンに連絡してください。
F,040100066,無線のIP Addressと有線のIP Addressが逆に設定されています。,サービスパーソンに連絡してください。
E,040100067,分割撮影情報通知に失敗しました。,問題が解決しない場合は、サービスパーソンに連絡してください。
E,040100068,分割撮影情報受信に失敗しました。,問題が解決しない場合は、サービスパーソンに連絡してください。
E,040100069,トモシンセシス位置情報受信に失敗しました。,問題が解決しない場合は、サービスパーソンに連絡してください。
E,040100070,発生装置連携情報通知に失敗しました。,問題が解決しない場合は、サービスパーソンに連絡してください。
E,040100071,発生装置連携情報受信に失敗しました。,問題が解決しない場合は、サービスパーソンに連絡してください。
E,040100072,レディインジケータの初期化に失敗しました。,レディインジケータを再度接続してください。問題が解決しない場合は、サービスパーソンに連絡してください。
E,040100073,レディインジケータの通知に失敗しました。,レディインジケータを再度接続してください。問題が解決しない場合は、サービスパーソンに連絡してください。
E,040100074,内部エラーが発生しました。,再度実行してください。問題が解決しない場合は、サービスパーソンに連絡してください。
E,040100075,レディインジケータの接続検知中に異常が発生しました。,レディインジケータを再度接続してください。問題が解決しない場合は、サービスパーソンに連絡してください。
E,040100076,サムネイル画像情報の通知に失敗しました。,問題が解決しない場合は、サービスパーソンに連絡してください。
E,040101006,センサーの温度が動作可能な範囲を超過しました。,電源投入のまましばらく使用を停止してください。
E,040101021,X線インタフェースへの接続に失敗しました。,X線インタフェースの接続状態を確認してください。問題が解決しない場合は、サービスパーソンに連絡してください。
E,040101022,センサーへの接続が切断されました。,ケーブルが正しく接続されていることを確認し、センサーを再起動してください。再起動後も問題が解決しない場合は、サービスパーソンに連絡してください。
E,040101023,画像データの転送に失敗しました。,問題が解決しない場合は、サービスパーソンに連絡してください。
E,040101037,センサーへの強い衝撃を検出しました。,センサーに破損がないことを確認した上で使用してください。
E,040101038,センサーがReadyではないときにX線を検出しました。X線が照射された可能性があります。,Readyであることを確認してからX線を照射してください。なお、内部的にRefresh動作を実施したため、Refreshボタンを押下する必要はありません。
E,040101FFF,内部エラーが発生しました。,センサーを再起動してください。再起動後も問題が解決しない場合は、サービスパーソンに連絡してください。
W,040101005,有効なセンサー情報ファイルが存在しません。,問題が解決しない場合は、サービスパーソンに連絡してください。
W,040101007,センサーの温度が動作可能な範囲を超過する恐れがあります。,電源投入のまましばらく使用を控えてください。
W,040101010,センサーの温度が動作可能な範囲を超過する恐れがあります。,電源投入のまましばらく使用を控えてください。
W,040101013,センサーにより照射が中止されました。,
W,040101014,センサーが一定時間使用されなかったため、待機状態へ移行しました。,使用する場合はプロトコルボタンを再度選択してください。
W,040101017,グリッドエラーを検知しました。,問題が解決しない場合は、サービスパーソンに連絡してください。
W,040101018,グリッドエラーを検知しました。,問題が解決しない場合は、サービスパーソンに連絡してください。
W,040101019,撮影中にグリッド操作が実施されました。,
W,040101020,センサーのログ機能でエラーが発生しました。,センサーを再起動してください。再起動後も問題が解決しない場合は、サービスパーソンに連絡してください。
W,040101029,センサーのバッテリー充電関連のエラーが発生しました。,問題が解決しない場合は、サービスパーソンに連絡してください。
W,040101FFE,内部エラーが発生しました。,センサーを再起動してください。再起動後も問題が解決しない場合は、サービスパーソンに連絡してください。
F,040200001,データベースに対する操作が失敗しました。,システムを再起動してください。再起動後も問題が解決しない場合は、サービスパーソンに連絡してください。
F,040200002,サーバーの接続に失敗しました。,システムを再起動してください。再起動後も問題が解決しない場合は、サービスパーソンに連絡してください。
F,040200003,予期せぬエラーが発生しました。,システムを再起動してください。再起動後も問題が解決しない場合は、サービスパーソンに連絡してください。
E,040200004,匿名バックアップに失敗しました。,入力情報を確認し、再度実行してください。問題が解決しない場合は、サービスパーソンに連絡してください。
E,040200005,匿名データベースの削除に失敗しました。,入力情報を確認し、再度実行してください。問題が解決しない場合は、サービスパーソンに連絡してください。
E,040200006,データベースのバックアップに失敗しました。,入力情報を確認し、再度実行してください。問題が解決しない場合は、サービスパーソンに連絡してください。
E,040200007,データベースのリストアに失敗しました。,入力情報を確認し、再度実行してください。問題が解決しない場合は、サービスパーソンに連絡してください。
E,040200008,匿名化されたデータベースのリストアに失敗しました。,入力情報を確認し、再度実行してください。問題が解決しない場合は、サービスパーソンに連絡してください。
E,040200009,トランザクションログのバックアップに失敗しました。,入力情報を確認し、再度実行してください。問題が解決しない場合は、サービスパーソンに連絡してください。
E,04020000A,トランザクションログのリストアに失敗しました。,入力情報を確認し、再度実行してください。問題が解決しない場合は、サービスパーソンに連絡してください。
E,04020000B,データベースの削除に失敗しました。,入力情報を確認し、再度実行してください。問題が解決しない場合は、サービスパーソンに連絡してください。
E,04020000C,データベースのアタッチに失敗しました。,入力情報を確認し、再度実行してください。問題が解決しない場合は、サービスパーソンに連絡してください。
E,04020000D,データベースのデタッチに失敗しました。,入力情報を確認し、再度実行してください。問題が解決しない場合は、サービスパーソンに連絡してください。
E,04020000E,MDFファイルの情報取得に失敗しました。,入力情報を確認し、再度実行してください。問題が解決しない場合は、サービスパーソンに連絡してください。
E,04020000F,トランザクションログの圧縮に失敗しました。,入力情報を確認し、再度実行してください。問題が解決しない場合は、サービスパーソンに連絡してください。
E,040200010,データベースの最適化に失敗しました。,入力情報を確認し、再度実行してください。問題が解決しない場合は、サービスパーソンに連絡してください。
E,040200011,データベース情報の取得に失敗しました。,入力情報を確認し、再度実行してください。問題が解決しない場合は、サービスパーソンに連絡してください。
E,040200012,リカバリーモデルの設定に失敗しました。,入力情報を確認し、再度実行してください。問題が解決しない場合は、サービスパーソンに連絡してください。
E,040200013,リカバリーモデルの取得に失敗しました。,入力情報を確認し、再度実行してください。問題が解決しない場合は、サービスパーソンに連絡してください。
E,040200014,バックアップファイルのヘッダ情報の取得に失敗しました。,入力情報を確認し、再度実行してください。問題が解決しない場合は、サービスパーソンに連絡してください。
E,040200015,データベース使用領域の取得に失敗しました。,入力情報を確認し、再度実行してください。問題が解決しない場合は、サービスパーソンに連絡してください。
E,040200016,データベースの物理サイズの取得に失敗しました。,入力情報を確認し、再度実行してください。問題が解決しない場合は、サービスパーソンに連絡してください。
E,040200017,トランザクションログの物理サイズの取得に失敗しました。 ,入力情報を確認し、再度実行してください。問題が解決しない場合は、サービスパーソンに連絡してください。
E,040200018,データベースのアクセス情報の取得に失敗しました。 ,入力情報を確認し、再度実行してください。問題が解決しない場合は、サービスパーソンに連絡してください。
E,04020001B,サーバーのメモリ情報取得に失敗しました。,再度実行してください。問題が解決しない場合は、サービスパーソンに連絡してください。
E,04020001C,サーバーのメモリ情報設定に失敗しました。,入力情報を確認し、再度実行してください。問題が解決しない場合は、サービスパーソンに連絡してください。
E,04020001D,断片化情報取得に失敗しました。,入力情報を確認し、再度実行してください。問題が解決しない場合は、サービスパーソンに連絡してください。
F,04020001E,最新のバックアップ実施情報の取得に失敗しました。,システムを再起動してください。再起動後も問題が解決しない場合は、サービスパーソンに連絡してください。
E,040300000,センサーが起動していません。,センサーの電源を確認してください。
E,040300001,内部エラーが発生しました。,再度実行してください。問題が解決しない場合は、サービスパーソンに連絡してください。
E,040300002,センサーの構成に異常を検出しました。,サービスパーソンに連絡してください。
E,040300003,照射待ち要求が拒否されました。,再度実行してください。問題が解決しない場合は、サービスパーソンに連絡してください。
E,040300004,内部エラーが発生しました。,再度実行してください。問題が解決しない場合は、サービスパーソンに連絡してください。
E,040300005,内部エラーが発生しました。,再度実行してください。問題が解決しない場合は、サービスパーソンに連絡してください。
E,040300006,内部エラーが発生しました。,再度実行してください。問題が解決しない場合は、サービスパーソンに連絡してください。
E,040300007,内部エラーが発生しました。,再度実行してください。問題が解決しない場合は、サービスパーソンに連絡してください。
E,040300008,内部エラーが発生しました。,再度実行してください。問題が解決しない場合は、サービスパーソンに連絡してください。
E,040300010,内部エラーが発生しました。,再度実行してください。問題が解決しない場合は、サービスパーソンに連絡してください。
E,040300011,内部エラーが発生しました。,再度実行してください。問題が解決しない場合は、サービスパーソンに連絡してください。
E,040300012,内部エラーが発生しました。,再度実行してください。問題が解決しない場合は、サービスパーソンに連絡してください。
E,040300013,内部エラーが発生しました。,再度実行してください。問題が解決しない場合は、サービスパーソンに連絡してください。
E,040300014,内部エラーが発生しました。,再度実行してください。問題が解決しない場合は、サービスパーソンに連絡してください。
E,040300015,内部エラーが発生しました。,再度実行してください。問題が解決しない場合は、サービスパーソンに連絡してください。
E,040300016,内部エラーが発生しました。,再度実行してください。問題が解決しない場合は、サービスパーソンに連絡してください。
E,040300017,内部エラーが発生しました。,再度実行してください。問題が解決しない場合は、サービスパーソンに連絡してください。
E,040300018,内部エラーが発生しました。,再度実行してください。問題が解決しない場合は、サービスパーソンに連絡してください。
E,040300021,内部エラーが発生しました。,再度実行してください。問題が解決しない場合は、サービスパーソンに連絡してください。
E,040300022,内部エラーが発生しました。,再度実行してください。問題が解決しない場合は、サービスパーソンに連絡してください。
E,040300025,照射待ち要求が拒否されました。,再度実行してください。問題が解決しない場合は、サービスパーソンに連絡してください。
E,040300026,内部エラーが発生しました。,再度実行してください。問題が解決しない場合は、サービスパーソンに連絡してください。
E,040300027,内部エラーが発生しました。,再度実行してください。問題が解決しない場合は、サービスパーソンに連絡してください。
E,040300028,内部エラーが発生しました。,再度実行してください。問題が解決しない場合は、サービスパーソンに連絡してください。
E,040300029,センサー内部温度が上限値を超えました。,温度が下がるまで撮影できません。
E,040300030,内部エラーが発生しました。,再度実行してください。問題が解決しない場合は、サービスパーソンに連絡してください。
E,040300031,内部エラーが発生しました。,再度実行してください。問題が解決しない場合は、サービスパーソンに連絡してください。
W,040300032,センサーから警告が通知されました。,
E,040300033,センサーからエラーが通知されました。,再度実行してください。問題が解決しない場合は、サービスパーソンに連絡してください。
F,040300034,センサーから致命的なエラーが通知されました。,システムを再起動してください。再起動後も問題が解決しない場合は、サービスパーソンに連絡してください。
E,040300035,内部エラーが発生しました。,再度実行してください。問題が解決しない場合は、サービスパーソンに連絡してください。
E,040300036,内部エラーが発生しました。,再度実行してください。問題が解決しない場合は、サービスパーソンに連絡してください。
E,040300037,内部エラーが発生しました。,再度実行してください。問題が解決しない場合は、サービスパーソンに連絡してください。
E,040300038,内部エラーが発生しました。,再度実行してください。問題が解決しない場合は、サービスパーソンに連絡してください。
E,040300039,内部エラーが発生しました。,再度実行してください。問題が解決しない場合は、サービスパーソンに連絡してください。
E,040300040,センサーの構成に異常を検出しました。,再度実行してください。問題が解決しない場合は、サービスパーソンに連絡してください。
E,040300041,内部エラーが発生しました。,再度実行してください。問題が解決しない場合は、サービスパーソンに連絡してください。
W,040300042,パワーボックスへの接続に失敗しました。,
E,040300043,パワーボックスへの接続が切断されました。,ケーブルが正しく接続されていることを確認し、パワーボックスを再起動してください。再起動後も問題が解決しない場合は、サービスパーソンに連絡してください。
E,040300044,接続されたセンサーのシリアルナンバーが登録されていません。,サービスパーソンに連絡してください。
E,040300045,センサーへの接続が切断されました。,ケーブルが正しく接続されていることを確認し、センサーを再起動してください。再起動後も問題が解決しない場合は、サービスパーソンに連絡してください。
W,040300046,センサーへの接続に失敗しました。,
E,040300047,内部エラーが発生しました。,再度実行してください。問題が解決しない場合は、サービスパーソンに連絡してください。
F,040300048,使用しているセンサーのファームウェアとの互換性がありません。,最適なファームウェアに更新してください。
F,040300049,センサー登録後にファームウェアのバージョンアップが実施された可能性があります。,センサーを登録し直してください。
F,040300050,適切なJumboパケット設定がなされていないか、Jumboパケット対応のネットワークカードが使用されていません。,サービスパーソンに連絡してください。
F,040300051,無線のIP Addressと有線のIP Addressが逆に設定されています。,サービスパーソンに連絡してください。
E,040300052,内部エラーが発生しました。,再度実行してください。問題が解決しない場合は、サービスパーソンに連絡してください。
F,040300053,X線自動検出を使用して撮影する設定ですが、X線自動検出に対応していないセンサーのワークスペースが存在するため、起動できません。,サービスパーソンに連絡してください。
F,040300054,使用しているセンサーのファームウェアとの互換性がありません。,最適なファームウェアに更新してください。
F,040400001,データベースの更新に失敗しました。,システムを再起動してください。再起動後も問題が解決しない場合は、サービスパーソンに連絡してください。
F,040400002,内部エラーが発生しました。,システムを再起動してください。再起動後も問題が解決しない場合は、サービスパーソンに連絡してください。
F,040400003,システム設定の取得に失敗しました。,システムを再起動してください。再起動後も問題が解決しない場合は、サービスパーソンに連絡してください。
E,040400004,撮影ステータスが不適切なため、要求された処理を実行できません。,再度実行してください。問題が解決しない場合は、サービスパーソンに連絡してください。
F,040400005,データベースの整合性異常です。,システムを再起動してください。再起動後も問題が解決しない場合は、サービスパーソンに連絡してください。
F,040400006,内部エラーが発生しました。,システムを再起動してください。再起動後も問題が解決しない場合は、サービスパーソンに連絡してください。
E,040400018,指定されたプロトコルは存在しないため、撮影できません。,次の撮影に進んでください。
E,040400100,内部エラーが発生しました。,システムを再起動してください。再起動後も問題が解決しない場合は、サービスパーソンに連絡してください。
E,040500001,内部エラーが発生しました。,再度実行してください。問題が解決しない場合は、サービスパーソンに連絡してください。
E,040500002,システムエラーが発生しました。,再度実行してください。問題が解決しない場合は、サービスパーソンに連絡してください。
E,040500003,最大取得件数を超えました。,取得可能件数を変更したい場合は、サービスパーソンに連絡してください。
E,040500004,一部不正なStudyを受信しました。不正なStudyは表示していません。,通信相手の送信データを確認してください。
E,040500005,受信タグに不正な値が含まれていたため空白に置き換えました。,通信相手の送信データを確認してください。
E,040500006,受信したキャラクタセットに含まれない文字が存在しました。正しく表示が行われない可能性があります。,問題が解決しない場合は、サービスパーソンに連絡してください。
W,040500007,キャラクタセットの設定が不正なため、変換できない文字コードを修正して出力します。,設定内容を確認してください。
E,040500008,受信した内容に1753年より前の日付が含まれています。,日付情報を確認してください。
W,040500009,C-STOREへのタグコピー処理に失敗しました。コピー元の内容およびC-STOREの通信内容をご確認ください。,問題が解決しない場合は、サービスパーソンに連絡してください。
W,04050000A,DicomFileへのタグコピー処理に失敗しました。コピー元の内容をご確認ください。,問題が解決しない場合は、サービスパーソンに連絡してください。
E,04050000B,ディスクのアクセスに失敗しました。,ディスクを確認して、プロセスビューワより再度実行してください。
E,04050000C,DICOMDIRの読み込みに失敗しました。,ディスクを確認して、再度実行してください。
E,04050000D,出力エラーが発生しました。,エラーが発生した検査を確認し、過去検査リストから再出力してください。
W,04050000E,DICOM規格に違反しているため、該当データは空白に置き換えて出力します。,
E,04050000F,DICOMファイルの読み込みに失敗しました。,ディスクを確認して、再度実行してください。
E,040500010,DICOMファイルの読み込みに失敗しました。,ディスクを確認して、再度実行してください。
E,040500011,トリガーファイルの読み込みに失敗しました。通信相手の設定に問題がある可能性があります。,通信相手を確認してください。問題が解決しない場合は、サービスパーソンに連絡してください。
E,040500012,トリガーファイルに不正な値が含まれていました。,通信相手の送信データを確認してください。
E,040500013,トリガーファイルの保存先がありません。,設定内容を確認してください。問題が解決しない場合は、サービスパーソンに連絡してください。
W,040501001,処理がキャンセルされました。,
E,040501002,内部エラーが発生しました。,再度実行してください。問題が解決しない場合は、サービスパーソンに連絡してください。
E,040501003,内部エラーが発生しました。,再度実行してください。問題が解決しない場合は、サービスパーソンに連絡してください。
E,040501004,内部エラーが発生しました。,再度実行してください。問題が解決しない場合は、サービスパーソンに連絡してください。
E,040501005,内部エラーが発生しました。,再度実行してください。問題が解決しない場合は、サービスパーソンに連絡してください。
E,040501006,内部エラーが発生しました。,再度実行してください。問題が解決しない場合は、サービスパーソンに連絡してください。
E,040501007,内部エラーが発生しました。,再度実行してください。問題が解決しない場合は、サービスパーソンに連絡してください。
E,040501008,内部エラーが発生しました。,再度実行してください。問題が解決しない場合は、サービスパーソンに連絡してください。
E,040501009,内部エラーが発生しました。,再度実行してください。問題が解決しない場合は、サービスパーソンに連絡してください。
E,04050100A,ファイルに対する操作が失敗しました。,再度実行してください。問題が解決しない場合は、サービスパーソンに連絡してください。
E,04050100B,ファイルに対する操作が失敗しました。,再度実行してください。問題が解決しない場合は、サービスパーソンに連絡してください。
E,04050100C,ファイルに対する操作が失敗しました。,再度実行してください。問題が解決しない場合は、サービスパーソンに連絡してください。
F,04050100D,データベースに対する操作が失敗しました。,システムを再起動してください。再起動後も問題が解決しない場合は、サービスパーソンに連絡してください。
F,04050100E,データベースに対する操作が失敗しました。,システムを再起動してください。再起動後も問題が解決しない場合は、サービスパーソンに連絡してください。
E,04050100F,内部エラーが発生しました。,再度実行してください。問題が解決しない場合は、サービスパーソンに連絡してください。
E,040501010,システムエラーが発生しました。,再度実行してください。問題が解決しない場合は、サービスパーソンに連絡してください。
E,040501011,指定された保存先はファイルが既に存在していたため、処理を続行できませんでした。,設定内容を確認してください。
E,040501012,指定された保存先でアクセスが拒否されたため、処理を続行できませんでした。,設定内容を確認してください。
E,040501013,指定された保存先の空き容量が不足していたため、処理を続行できませんでした。,設定内容を確認してください。
E,040501014,対象画像の転送が完了していないため、DICOM GSPSの転送を中止しました。,対象画像の転送が完了してから、再度実行してください。
E,040501015,ファイル出力中にSocketエラーが発生しました。,設定内容を確認してください。
E,040501016,ファイル出力中にネットワーク通信が切断されました。,設定内容を確認してください。
E,040501017,サポートしていないDICOMDIRを読み込みました。,ディスクを確認して、再度実行してください。
E,040501018,出力エラーが発生しました。,再度実行してください。問題が解決しない場合は、サービスパーソンに連絡してください。
E,040502001,アソシエーション折衝で失敗しました。通信相手または本システムの設定に問題がある可能性があります。,設定内容を確認してください。
E,040502002,アソシエーション折衝で失敗しました。通信相手または本システムの設定に問題がある可能性があります。,設定内容を確認してください。
E,040502003,アソシエーション折衝で失敗しました。通信相手または本システムの設定に問題がある可能性があります。,設定内容を確認してください。
E,040502004,アソシエーション折衝で失敗しました。通信相手または本システムの設定に問題がある可能性があります。,設定内容を確認してください。
E,040502005,アソシエーション折衝で失敗しました。通信相手または本システムの設定に問題がある可能性があります。,設定内容を確認してください。
E,040502006,アソシエーション折衝で失敗しました。通信相手または本システムの設定に問題がある可能性があります。,設定内容を確認してください。
E,040502007,アソシエーション折衝で失敗しました。通信相手または本システムの設定に問題がある可能性があります。,設定内容を確認してください。
E,040502008,アソシエーション折衝で失敗しました。通信相手または本システムの設定に問題がある可能性があります。,設定内容を確認してください。
E,040502009,アソシエーション折衝で失敗しました。通信相手または本システムの設定に問題がある可能性があります。,設定内容を確認してください。
E,04050200A,アソシエーション折衝で失敗しました。通信相手または本システムの設定に問題がある可能性があります。,設定内容を確認してください。
E,04050200B,アソシエーション折衝で失敗しました。通信相手または本システムの設定に問題がある可能性があります。,設定内容を確認してください。
E,04050200C,アソシエーション折衝で失敗しました。通信相手または本システムの設定に問題がある可能性があります。,設定内容を確認してください。
E,04050200D,アソシエーション折衝で失敗しました。通信相手または本システムの設定に問題がある可能性があります。,設定内容を確認してください。
E,04050200E,アソシエーション折衝で失敗しました。通信相手または本システムの設定に問題がある可能性があります。,設定内容を確認してください。
E,04050200F,アソシエーション折衝で失敗しました。通信相手または本システムの設定に問題がある可能性があります。,設定内容を確認してください。
E,040502010,アソシエーション折衝で失敗しました。通信相手または本システムの設定に問題がある可能性があります。,設定内容を確認してください。
E,040502011,アソシエーション折衝で失敗しました。通信相手または本システムの設定に問題がある可能性があります。,設定内容を確認してください。
E,040502012,アソシエーション折衝で失敗しました。通信相手または本システムの設定に問題がある可能性があります。,設定内容を確認してください。
E,040502013,アソシエーション折衝で失敗しました。通信相手または本システムの設定に問題がある可能性があります。,設定内容を確認してください。
E,040502014,アソシエーション折衝で失敗しました。通信相手または本システムの設定に問題がある可能性があります。,設定内容を確認してください。
E,040502015,DICOM通信が中断されました。通信相手または本システムの設定に問題がある可能性があります。,設定内容を確認してください。
E,040502016,DICOM通信が中断されました。通信相手または本システムの設定に問題がある可能性があります。,設定内容を確認してください。
E,040502017,DICOM通信が中断されました。通信相手または本システムの設定に問題がある可能性があります。,設定内容を確認してください。
E,040502018,DICOM通信が中断されました。通信相手または本システムの設定に問題がある可能性があります。,設定内容を確認してください。
E,040502019,DICOM通信が中断されました。通信相手または本システムの設定に問題がある可能性があります。,設定内容を確認してください。
E,04050201A,DICOM通信が中断されました。通信相手または本システムの設定に問題がある可能性があります。,設定内容を確認してください。
E,04050201B,DICOM通信が中断されました。通信相手または本システムの設定に問題がある可能性があります。,設定内容を確認してください。
E,04050201C,DICOM通信が中断されました。通信相手または本システムの設定に問題がある可能性があります。,設定内容を確認してください。
E,04050201D,DICOM通信が中断されました。通信相手または本システムの設定に問題がある可能性があります。,設定内容を確認してください。
E,04050201E,DICOM通信が中断されました。通信相手または本システムの設定に問題がある可能性があります。,設定内容を確認してください。
E,04050201F,DICOM通信が中断されました。通信相手または本システムの設定に問題がある可能性があります。,設定内容を確認してください。
E,040502020,DICOM通信が中断されました。通信相手または本システムの設定に問題がある可能性があります。,設定内容を確認してください。
E,040502021,アソシエーション折衝中にタイムアウトが発生しました。通信相手または本システムの設定に問題がある可能性があります。,設定内容を確認してください。
E,040502022,アソシエーション折衝中にタイムアウトが発生しました。通信相手または本システムの設定に問題がある可能性があります。,設定内容を確認してください。
E,040502023,アソシエーション折衝中に切断要求を受信しました。通信相手または本システムの設定に問題がある可能性があります。,設定内容を確認してください。
E,040502024,アソシエーション折衝で失敗しました。通信相手または本システムの設定に問題がある可能性があります。,設定内容を確認してください。
E,040502025,アソシエーション折衝で失敗しました。通信相手または本システムの設定に問題がある可能性があります。,設定内容を確認してください。
E,040502026,アソシエーション折衝で失敗しました。通信相手または本システムの設定に問題がある可能性があります。,設定内容を確認してください。
E,040502027,アソシエーション折衝で失敗しました。通信相手または本システムの設定に問題がある可能性があります。,設定内容を確認してください。
E,040502028,アソシエーション折衝で失敗しました。通信相手または本システムの設定に問題がある可能性があります。,設定内容を確認してください。
E,040502029,アソシエーション折衝で失敗しました。通信相手または本システムの設定に問題がある可能性があります。,設定内容を確認してください。
E,04050202A,アソシエーション折衝で失敗しました。通信相手または本システムの設定に問題がある可能性があります。,設定内容を確認してください。
E,04050202B,アソシエーション折衝で失敗しました。通信相手または本システムの設定に問題がある可能性があります。,設定内容を確認してください。
E,04050202C,アソシエーション折衝で失敗しました。通信相手または本システムの設定に問題がある可能性があります。,設定内容を確認してください。
E,04050202D,アソシエーション折衝で失敗しました。通信相手または本システムの設定に問題がある可能性があります。,設定内容を確認してください。
E,04050202E,アソシエーション折衝で失敗しました。通信相手または本システムの設定に問題がある可能性があります。,設定内容を確認してください。
E,04050202F,アソシエーション折衝で失敗しました。通信相手または本システムの設定に問題がある可能性があります。,設定内容を確認してください。
E,040502030,アソシエーション折衝で失敗しました。設定値が読み込めません。,再度実行してください。問題が解決しない場合は、サービスパーソンに連絡してください。
E,040502031,アソシエーション折衝で失敗しました。設定値が読み込めません。,再度実行してください。問題が解決しない場合は、サービスパーソンに連絡してください。
E,040502032,DICOM通信ライブラリでエラーが発生しました。,再度実行してください。問題が解決しない場合は、サービスパーソンに連絡してください。
E,040502035,アソシエーション折衝で失敗しました。設定値が不正です。,設定内容を確認してください。
E,040502036,アソシエーション折衝で失敗しました。提示した証明書が拒否されました。,正しい証明書を設定してください。
E,040502037,アソシエーション折衝で失敗しました。,再度実行してください。問題が解決しない場合は、サービスパーソンに連絡してください。
E,040502038,DICOM通信ライブラリでエラーが発生しました。,再度実行してください。問題が解決しない場合は、サービスパーソンに連絡してください。
E,040502039,DICOM通信ライブラリでエラーが発生しました。,再度実行してください。問題が解決しない場合は、サービスパーソンに連絡してください。
E,04050203A,DICOM通信ライブラリでエラーが発生しました。,再度実行してください。問題が解決しない場合は、サービスパーソンに連絡してください。
E,04050203B,DICOM通信ライブラリでエラーが発生しました。,再度実行してください。問題が解決しない場合は、サービスパーソンに連絡してください。
E,04050203C,DICOM通信ライブラリでエラーが発生しました。,再度実行してください。問題が解決しない場合は、サービスパーソンに連絡してください。
E,04050203D,DICOM通信ライブラリでエラーが発生しました。,再度実行してください。問題が解決しない場合は、サービスパーソンに連絡してください。
E,04050203E,DICOM通信ライブラリでエラーが発生しました。,再度実行してください。問題が解決しない場合は、サービスパーソンに連絡してください。
E,040502041,DICOM通信ライブラリでアソシエーション情報取得に失敗しました。,再度実行してください。問題が解決しない場合は、サービスパーソンに連絡してください。
E,040502042,DICOM通信ライブラリでアソシエーション情報取得に失敗しました。,再度実行してください。問題が解決しない場合は、サービスパーソンに連絡してください。
E,040502043,DICOM通信ライブラリでアソシエーション情報取得に失敗しました。,再度実行してください。問題が解決しない場合は、サービスパーソンに連絡してください。
E,040502044,DICOM通信ライブラリでアソシエーション情報取得に失敗しました。,再度実行してください。問題が解決しない場合は、サービスパーソンに連絡してください。
E,040502045,DICOM通信ライブラリでアソシエーション接続先設定に失敗しました。,設定内容を確認してください。
E,040502046,DICOM通信ライブラリでアソシエーション接続先設定に失敗しました。,設定内容を確認してください。
E,040502047,DICOM通信ライブラリでアソシエーション接続先設定に失敗しました。,設定内容を確認してください。
E,040502048,DICOM通信ライブラリでアソシエーション接続先設定に失敗しました。,設定内容を確認してください。
E,040502049,DICOM通信ライブラリでアソシエーション接続先設定に失敗しました。,設定内容を確認してください。
E,04050204A,DICOM通信ライブラリでアソシエーション接続先設定に失敗しました。,設定内容を確認してください。
E,04050204B,DICOM通信ライブラリでアソシエーション接続先設定に失敗しました。,設定内容を確認してください。
E,04050204C,DICOM通信ライブラリでアソシエーション接続先設定に失敗しました。,設定内容を確認してください。
E,04050204D,設定内容を確認してください。,設定内容を確認してください。
E,04050204E,DICOM通信サーバーでアソシエーション接続に失敗しました。通信相手または本システムの設定に問題がある可能性があります。,設定内容を確認してください。
E,04050204F,DICOM通信サーバーでアソシエーション接続に失敗しました。通信相手または本システムの設定に問題がある可能性があります。,設定内容を確認してください。
E,040502050,DICOM通信サーバーでアソシエーション接続に失敗しました。通信相手または本システムの設定に問題がある可能性があります。,設定内容を確認してください。
E,040502051,アソシエーション折衝で失敗しました。,再度実行してください。問題が解決しない場合は、サービスパーソンに連絡してください。
E,040502052,アソシエーション折衝で失敗しました。,再度実行してください。問題が解決しない場合は、サービスパーソンに連絡してください。
E,040502053,アソシエーション折衝で失敗しました。,再度実行してください。問題が解決しない場合は、サービスパーソンに連絡してください。
E,040502055,DICOM通信ライブラリでアソシエーション接続先設定に失敗しました。,再度実行してください。問題が解決しない場合は、サービスパーソンに連絡してください。
E,040502056,DICOM通信ライブラリでアソシエーション情報取得に失敗しました。,再度実行してください。問題が解決しない場合は、サービスパーソンに連絡してください。
E,040502057,DICOM通信ライブラリでエラーが発生しました。,再度実行してください。問題が解決しない場合は、サービスパーソンに連絡してください。
E,040502058,アソシエーション折衝で失敗しました。通信相手とのネットワーク接続が確立できません。,ネットワークの接続状態および設定内容を確認してください。
E,040502059,DICOM通信ライブラリでアソシエーション接続先設定に失敗しました。,設定内容を確認してください。
E,04050205A,DICOM通信ライブラリでアソシエーション接続先設定に失敗しました。,設定内容を確認してください。
E,04050205B,DICOM通信ライブラリでアソシエーション接続先設定に失敗しました。,設定内容を確認してください。
E,04050205C,DICOM通信ライブラリでアソシエーション接続先設定に失敗しました。,設定内容を確認してください。
E,04050205D,DICOM通信ライブラリでアソシエーション接続先設定に失敗しました。,設定内容を確認してください。
E,04050205E,DICOM通信で未定義のコードを検出しました。,通信相手を確認してください。
E,040503001,DICOM通信ライブラリでエラーが発生しました。,再度実行してください。問題が解決しない場合は、サービスパーソンに連絡してください。
E,040503002,DICOM通信ライブラリでエラーが発生しました。,再度実行してください。問題が解決しない場合は、サービスパーソンに連絡してください。
E,040503003,DICOM通信ライブラリでエラーが発生しました。,再度実行してください。問題が解決しない場合は、サービスパーソンに連絡してください。
E,040503004,DICOM通信ライブラリでエラーが発生しました。,再度実行してください。問題が解決しない場合は、サービスパーソンに連絡してください。
E,040503005,DICOM通信ライブラリでエラーが発生しました。,再度実行してください。問題が解決しない場合は、サービスパーソンに連絡してください。
E,040503006,DICOM通信ライブラリでエラーが発生しました。,再度実行してください。問題が解決しない場合は、サービスパーソンに連絡してください。
E,040503007,DICOM通信ライブラリでエラーが発生しました。,再度実行してください。問題が解決しない場合は、サービスパーソンに連絡してください。
E,040503008,DICOM通信ライブラリでエラーが発生しました。,再度実行してください。問題が解決しない場合は、サービスパーソンに連絡してください。
E,040503009,DICOM通信ライブラリでエラーが発生しました。,再度実行してください。問題が解決しない場合は、サービスパーソンに連絡してください。
E,04050300A,DICOM通信ライブラリでエラーが発生しました。,再度実行してください。問題が解決しない場合は、サービスパーソンに連絡してください。
E,04050300B,DICOM通信ライブラリでエラーが発生しました。,再度実行してください。問題が解決しない場合は、サービスパーソンに連絡してください。
E,04050300C,DICOM通信中にタイムアウトが発生しました。通信相手または本システムの設定に問題がある可能性があります。,設定内容を確認してください。
E,04050300D,DICOM通信中にタイムアウトが発生しました。通信相手または本システムの設定に問題がある可能性があります。,設定内容を確認してください。
E,04050300E,DICOM通信ライブラリでエラーが発生しました。,再度実行してください。問題が解決しない場合は、サービスパーソンに連絡してください。
E,04050300F,DICOM通信ライブラリでエラーが発生しました。,再度実行してください。問題が解決しない場合は、サービスパーソンに連絡してください。
E,040503010,DICOM通信ライブラリでエラーが発生しました。,再度実行してください。問題が解決しない場合は、サービスパーソンに連絡してください。
E,040503011,DICOM通信ライブラリでエラーが発生しました。,再度実行してください。問題が解決しない場合は、サービスパーソンに連絡してください。
E,040503015,DICOM通信エラー。アソシエーション折衝でエラーが発生しました。提示した証明書が拒否されました。,正しい証明書を設定してください。
E,040503016,DICOM通信エラー。アソシエーション折衝でエラーが発生しました。,再度実行してください。問題が解決しない場合は、サービスパーソンに連絡してください。
E,040503017,DICOM通信ライブラリでエラーが発生しました。,再度実行してください。問題が解決しない場合は、サービスパーソンに連絡してください。
E,040503018,DICOM通信エラー。アソシエーション折衝でエラーが発生しました。,再度実行してください。問題が解決しない場合は、サービスパーソンに連絡してください。
E,040503019,DICOM通信エラー。アソシエーション折衝でエラーが発生しました。,再度実行してください。問題が解決しない場合は、サービスパーソンに連絡してください。
E,04050301A,DICOM通信エラー。アソシエーション折衝でエラーが発生しました。,再度実行してください。問題が解決しない場合は、サービスパーソンに連絡してください。
E,04050301B,DICOM通信ライブラリでエラーが発生しました。,再度実行してください。問題が解決しない場合は、サービスパーソンに連絡してください。
E,04050301C,DICOM通信ライブラリでエラーが発生しました。,再度実行してください。問題が解決しない場合は、サービスパーソンに連絡してください。
E,04050301D,DICOM通信ライブラリでエラーが発生しました。,再度実行してください。問題が解決しない場合は、サービスパーソンに連絡してください。
E,04050301E,DICOM通信中に切断要求を受信しました。通信相手または本システムの設定に問題がある可能性があります。,再度実行してください。問題が解決しない場合は、サービスパーソンに連絡してください。
E,04050301F,DICOM通信ライブラリでエラーが発生しました。,再度実行してください。問題が解決しない場合は、サービスパーソンに連絡してください。
E,040503020,DICOM通信ライブラリでエラーが発生しました。,再度実行してください。問題が解決しない場合は、サービスパーソンに連絡してください。
E,040503021,DICOM通信ライブラリでエラーが発生しました。通信相手のシステムに問題がある可能性があります。,システム管理者に連絡してください。
E,040503022,DICOM通信ライブラリでエラーが発生しました。,再度実行してください。問題が解決しない場合は、サービスパーソンに連絡してください。
E,040503023,DICOM通信ライブラリでエラーが発生しました。,再度実行してください。問題が解決しない場合は、サービスパーソンに連絡してください。
E,040503024,DICOM通信ライブラリでエラーが発生しました。,再度実行してください。問題が解決しない場合は、サービスパーソンに連絡してください。
E,040503025,DICOM通信ライブラリでエラーが発生しました。,再度実行してください。問題が解決しない場合は、サービスパーソンに連絡してください。
E,040503026,DICOM通信ライブラリでエラーが発生しました。,再度実行してください。問題が解決しない場合は、サービスパーソンに連絡してください。
E,040503027,DICOM通信ライブラリでエラーが発生しました。通信相手のシステムに問題がある可能性があります。,システム管理者に連絡してください。
E,040503028,DICOM通信ライブラリでエラーが発生しました。通信相手のシステムに問題がある可能性があります。,システム管理者に連絡してください。
E,040503029,DICOM通信ライブラリでエラーが発生しました。通信相手のシステムに問題がある可能性があります。,システム管理者に連絡してください。
E,04050302A,DICOM通信ライブラリでエラーが発生しました。通信相手のシステムに問題がある可能性があります。,システム管理者に連絡してください。
E,04050302B,DICOM通信ライブラリでエラーが発生しました。通信相手のシステムに問題がある可能性があります。,システム管理者に連絡してください。
E,04050302C,DICOM通信ライブラリでエラーが発生しました。,再度実行してください。問題が解決しない場合は、サービスパーソンに連絡してください。
E,04050302D,DICOM通信ライブラリでエラーが発生しました。,再度実行してください。問題が解決しない場合は、サービスパーソンに連絡してください。
E,04050302E,DICOM通信ライブラリでエラーが発生しました。,再度実行してください。問題が解決しない場合は、サービスパーソンに連絡してください。
E,04050302F,DICOM通信ライブラリでエラーが発生しました。,再度実行してください。問題が解決しない場合は、サービスパーソンに連絡してください。
E,040503030,DICOM通信ライブラリでエラーが発生しました。,再度実行してください。問題が解決しない場合は、サービスパーソンに連絡してください。
E,040503031,DICOM通信ライブラリでエラーが発生しました。通信相手のシステムに問題がある可能性があります。,システム管理者に連絡してください。
E,040503032,DICOM通信ライブラリでエラーが発生しました。通信相手のシステムに問題がある可能性があります。,システム管理者に連絡してください。
E,040503033,DICOM通信ライブラリでエラーが発生しました。通信相手のシステムに問題がある可能性があります。,システム管理者に連絡してください。
E,040503034,DICOM通信ライブラリでエラーが発生しました。通信相手のシステムに問題がある可能性があります。,システム管理者に連絡してください。
E,040503035,DICOM通信ライブラリでエラーが発生しました。通信相手のシステムに問題がある可能性があります。,システム管理者に連絡してください。
E,040503036,DICOM通信ライブラリでエラーが発生しました。,再度実行してください。問題が解決しない場合は、サービスパーソンに連絡してください。
E,040503037,DICOM通信ライブラリでエラーが発生しました。,再度実行してください。問題が解決しない場合は、サービスパーソンに連絡してください。
E,040503038,DICOM通信ライブラリでエラーが発生しました。,再度実行してください。問題が解決しない場合は、サービスパーソンに連絡してください。
E,040503039,DICOM通信ライブラリでエラーが発生しました。,再度実行してください。問題が解決しない場合は、サービスパーソンに連絡してください。
E,04050303A,DICOM通信ライブラリでエラーが発生しました。,再度実行してください。問題が解決しない場合は、サービスパーソンに連絡してください。
E,04050303B,DICOM通信ライブラリでエラーが発生しました。,再度実行してください。問題が解決しない場合は、サービスパーソンに連絡してください。
E,04050303C,DICOM通信ライブラリでエラーが発生しました。,再度実行してください。問題が解決しない場合は、サービスパーソンに連絡してください。
E,04050303D,DICOM通信ライブラリでエラーが発生しました。,再度実行してください。問題が解決しない場合は、サービスパーソンに連絡してください。
E,04050303E,DICOM通信ライブラリでエラーが発生しました。通信相手のシステムに問題がある可能性があります。,システム管理者に連絡してください。
E,04050303F,DICOM通信ライブラリでエラーが発生しました。通信相手のシステムに問題がある可能性があります。,システム管理者に連絡してください。
E,040503040,DICOM通信ライブラリでエラーが発生しました。通信相手のシステムに問題がある可能性があります。,システム管理者に連絡してください。
E,040503041,DICOM通信ライブラリでエラーが発生しました。通信相手のシステムに問題がある可能性があります。,システム管理者に連絡してください。
E,040503042,DICOM通信ライブラリでエラーが発生しました。通信相手のシステムに問題がある可能性があります。,システム管理者に連絡してください。
E,040503043,DICOM通信ライブラリでエラーが発生しました。,再度実行してください。問題が解決しない場合は、サービスパーソンに連絡してください。
E,040503044,DICOM通信ライブラリでエラーが発生しました。,再度実行してください。問題が解決しない場合は、サービスパーソンに連絡してください。
E,040503045,DICOM通信ライブラリでエラーが発生しました。,再度実行してください。問題が解決しない場合は、サービスパーソンに連絡してください。
E,040503046,DICOM通信ライブラリでエラーが発生しました。,再度実行してください。問題が解決しない場合は、サービスパーソンに連絡してください。
E,040503047,DICOM通信ライブラリでエラーが発生しました。,再度実行してください。問題が解決しない場合は、サービスパーソンに連絡してください。
E,040503048,DICOM通信ライブラリでエラーが発生しました。,再度実行してください。問題が解決しない場合は、サービスパーソンに連絡してください。
E,040503049,DICOM通信ライブラリでエラーが発生しました。通信相手のシステムに問題がある可能性があります。,システム管理者に連絡してください。
E,04050304A,DICOM通信ライブラリでエラーが発生しました。通信相手のシステムに問題がある可能性があります。,システム管理者に連絡してください。
E,04050304B,DICOM通信ライブラリでエラーが発生しました。通信相手のシステムに問題がある可能性があります。,システム管理者に連絡してください。
E,04050304C,DICOM通信ライブラリでエラーが発生しました。通信相手のシステムに問題がある可能性があります。,システム管理者に連絡してください。
E,04050304D,DICOM通信ライブラリでエラーが発生しました。通信相手のシステムに問題がある可能性があります。,システム管理者に連絡してください。
E,04050304E,DICOM通信ライブラリでエラーが発生しました。,再度実行してください。問題が解決しない場合は、サービスパーソンに連絡してください。
E,04050304F,DICOM通信ライブラリでエラーが発生しました。,再度実行してください。問題が解決しない場合は、サービスパーソンに連絡してください。
E,040503050,DICOM通信ライブラリでエラーが発生しました。,再度実行してください。問題が解決しない場合は、サービスパーソンに連絡してください。
E,040503051,DICOM通信ライブラリでエラーが発生しました。,再度実行してください。問題が解決しない場合は、サービスパーソンに連絡してください。
E,040503052,DICOM通信ライブラリでエラーが発生しました。,再度実行してください。問題が解決しない場合は、サービスパーソンに連絡してください。
E,040503053,DICOM通信ライブラリでエラーが発生しました。,再度実行してください。問題が解決しない場合は、サービスパーソンに連絡してください。
E,040503054,DICOM通信ライブラリでエラーが発生しました。,再度実行してください。問題が解決しない場合は、サービスパーソンに連絡してください。
E,040503055,DICOM通信ライブラリでエラーが発生しました。,再度実行してください。問題が解決しない場合は、サービスパーソンに連絡してください。
E,040503056,DICOM通信ライブラリでエラーが発生しました。通信相手のシステムに問題がある可能性があります。,システム管理者に連絡してください。
E,040503057,DICOM通信ライブラリでエラーが発生しました。通信相手のシステムに問題がある可能性があります。,システム管理者に連絡してください。
E,040503058,DICOM通信ライブラリでエラーが発生しました。通信相手のシステムに問題がある可能性があります。,システム管理者に連絡してください。
E,040503059,DICOM通信ライブラリでエラーが発生しました。通信相手のシステムに問題がある可能性があります。,システム管理者に連絡してください。
E,04050305A,DICOM通信ライブラリでエラーが発生しました。通信相手のシステムに問題がある可能性があります。,システム管理者に連絡してください。
E,04050305B,DICOM通信ライブラリでエラーが発生しました。,再度実行してください。問題が解決しない場合は、サービスパーソンに連絡してください。
E,04050305C,DICOM通信ライブラリでエラーが発生しました。,再度実行してください。問題が解決しない場合は、サービスパーソンに連絡してください。
E,04050305D,DICOM通信ライブラリでエラーが発生しました。,再度実行してください。問題が解決しない場合は、サービスパーソンに連絡してください。
E,04050305E,DICOM通信ライブラリでエラーが発生しました。,再度実行してください。問題が解決しない場合は、サービスパーソンに連絡してください。
E,04050305F,DICOM通信ライブラリでエラーが発生しました。,再度実行してください。問題が解決しない場合は、サービスパーソンに連絡してください。
E,040503060,DICOM通信ライブラリでエラーが発生しました。,再度実行してください。問題が解決しない場合は、サービスパーソンに連絡してください。
E,040503061,DICOM通信ライブラリでエラーが発生しました。,再度実行してください。問題が解決しない場合は、サービスパーソンに連絡してください。
E,040503062,DICOM通信ライブラリでエラーが発生しました。通信相手のシステムに問題がある可能性があります。,システム管理者に連絡してください。
E,040503063,DICOM通信ライブラリでエラーが発生しました。通信相手のシステムに問題がある可能性があります。,システム管理者に連絡してください。
E,040503064,DICOM通信ライブラリでエラーが発生しました。通信相手のシステムに問題がある可能性があります。,システム管理者に連絡してください。
E,040503065,DICOM通信ライブラリでエラーが発生しました。通信相手のシステムに問題がある可能性があります。,システム管理者に連絡してください。
E,040503066,DICOM通信ライブラリでエラーが発生しました。通信相手のシステムに問題がある可能性があります。,システム管理者に連絡してください。
E,040503067,DICOM通信ライブラリでエラーが発生しました。,再度実行してください。問題が解決しない場合は、サービスパーソンに連絡してください。
E,040503068,DICOM通信ライブラリでエラーが発生しました。,再度実行してください。問題が解決しない場合は、サービスパーソンに連絡してください。
E,040503069,DICOM通信ライブラリでエラーが発生しました。,再度実行してください。問題が解決しない場合は、サービスパーソンに連絡してください。
E,04050306A,DICOM通信ライブラリでエラーが発生しました。,再度実行してください。問題が解決しない場合は、サービスパーソンに連絡してください。
E,04050306B,DICOM通信ライブラリでエラーが発生しました。,再度実行してください。問題が解決しない場合は、サービスパーソンに連絡してください。
E,04050306C,DICOM通信ライブラリでエラーが発生しました。通信相手のシステムに問題がある可能性があります。,システム管理者に連絡してください。
E,04050306D,DICOM通信ライブラリでエラーが発生しました。通信相手のシステムに問題がある可能性があります。,システム管理者に連絡してください。
E,04050306E,DICOM通信ライブラリでエラーが発生しました。通信相手のシステムに問題がある可能性があります。,システム管理者に連絡してください。
E,04050306F,DICOM通信ライブラリでエラーが発生しました。通信相手のシステムに問題がある可能性があります。,システム管理者に連絡してください。
E,040503070,DICOM通信ライブラリでエラーが発生しました。通信相手のシステムに問題がある可能性があります。,システム管理者に連絡してください。
E,040503071,DICOM通信ライブラリでエラーが発生しました。,再度実行してください。問題が解決しない場合は、サービスパーソンに連絡してください。
E,040503072,DICOM通信ライブラリでエラーが発生しました。,再度実行してください。問題が解決しない場合は、サービスパーソンに連絡してください。
E,040503073,DICOM通信ライブラリでエラーが発生しました。,再度実行してください。問題が解決しない場合は、サービスパーソンに連絡してください。
E,040503074,DICOM通信ライブラリでエラーが発生しました。,再度実行してください。問題が解決しない場合は、サービスパーソンに連絡してください。
E,040503075,DICOM通信ライブラリでエラーが発生しました。,再度実行してください。問題が解決しない場合は、サービスパーソンに連絡してください。
E,040503076,DICOM通信ライブラリでエラーが発生しました。,再度実行してください。問題が解決しない場合は、サービスパーソンに連絡してください。
E,040503077,DICOM通信ライブラリでエラーが発生しました。通信相手のシステムに問題がある可能性があります。,システム管理者に連絡してください。
E,040503078,DICOM通信ライブラリでエラーが発生しました。通信相手のシステムに問題がある可能性があります。,システム管理者に連絡してください。
E,040503079,DICOM通信ライブラリでエラーが発生しました。通信相手のシステムに問題がある可能性があります。,システム管理者に連絡してください。
E,04050307A,DICOM通信ライブラリでエラーが発生しました。通信相手のシステムに問題がある可能性があります。,システム管理者に連絡してください。
E,04050307B,DICOM通信ライブラリでエラーが発生しました。通信相手のシステムに問題がある可能性があります。,システム管理者に連絡してください。
E,04050307C,DICOM通信ライブラリでエラーが発生しました。通信相手のシステムに問題がある可能性があります。,システム管理者に連絡してください。
E,04050307D,DICOM通信ライブラリでエラーが発生しました。通信相手のシステムに問題がある可能性があります。,システム管理者に連絡してください。
E,04050307E,DICOM通信ライブラリでエラーが発生しました。通信相手のシステムに問題がある可能性があります。,システム管理者に連絡してください。
E,04050307F,DICOM通信ライブラリでエラーが発生しました。通信相手のシステムに問題がある可能性があります。,システム管理者に連絡してください。
E,040503080,DICOM通信ライブラリでエラーが発生しました。通信相手のシステムに問題がある可能性があります。,システム管理者に連絡してください。
E,040503081,DICOM通信ライブラリでエラーが発生しました。通信相手のシステムに問題がある可能性があります。,システム管理者に連絡してください。
E,040503082,DICOM通信ライブラリでエラーが発生しました。通信相手のシステムに問題がある可能性があります。,システム管理者に連絡してください。
E,040503083,DICOM通信ライブラリでエラーが発生しました。,再度実行してください。問題が解決しない場合は、サービスパーソンに連絡してください。
E,040503084,DICOM通信ライブラリでエラーが発生しました。,再度実行してください。問題が解決しない場合は、サービスパーソンに連絡してください。
E,040503085,DICOM通信ライブラリでエラーが発生しました。,再度実行してください。問題が解決しない場合は、サービスパーソンに連絡してください。
E,040503086,DICOM通信ライブラリでエラーが発生しました。,再度実行してください。問題が解決しない場合は、サービスパーソンに連絡してください。
E,040503087,DICOM通信ライブラリでエラーが発生しました。,再度実行してください。問題が解決しない場合は、サービスパーソンに連絡してください。
E,040503088,DICOM通信ライブラリでエラーが発生しました。,再度実行してください。問題が解決しない場合は、サービスパーソンに連絡してください。
E,040503089,DICOM通信ライブラリでエラーが発生しました。,再度実行してください。問題が解決しない場合は、サービスパーソンに連絡してください。
E,04050308A,DICOM通信ライブラリでエラーが発生しました。,再度実行してください。問題が解決しない場合は、サービスパーソンに連絡してください。
E,04050308B,DICOM通信ライブラリでエラーが発生しました。,再度実行してください。問題が解決しない場合は、サービスパーソンに連絡してください。
E,04050308C,DICOM通信ライブラリでエラーが発生しました。,再度実行してください。問題が解決しない場合は、サービスパーソンに連絡してください。
E,04050308D,DICOM通信ライブラリでエラーが発生しました。,再度実行してください。問題が解決しない場合は、サービスパーソンに連絡してください。
E,04050308E,DICOM通信ライブラリでエラーが発生しました。通信相手のシステムに問題がある可能性があります。,システム管理者に連絡してください。
E,04050308F,DICOM通信ライブラリでエラーが発生しました。通信相手のシステムに問題がある可能性があります。,システム管理者に連絡してください。
E,040503090,DICOM通信ライブラリでエラーが発生しました。通信相手のシステムに問題がある可能性があります。,システム管理者に連絡してください。
E,040503091,DICOM通信ライブラリでエラーが発生しました。通信相手のシステムに問題がある可能性があります。,システム管理者に連絡してください。
E,040503092,DICOM通信ライブラリでエラーが発生しました。通信相手のシステムに問題がある可能性があります。,システム管理者に連絡してください。
E,040503093,DICOM通信ライブラリでエラーが発生しました。,再度実行してください。問題が解決しない場合は、サービスパーソンに連絡してください。
E,040503094,DICOM通信ライブラリでエラーが発生しました。,再度実行してください。問題が解決しない場合は、サービスパーソンに連絡してください。
E,040503095,DICOM通信ライブラリでエラーが発生しました。,再度実行してください。問題が解決しない場合は、サービスパーソンに連絡してください。
E,040503096,DICOM通信ライブラリでエラーが発生しました。,再度実行してください。問題が解決しない場合は、サービスパーソンに連絡してください。
E,040503097,DICOM通信ライブラリでエラーが発生しました。,再度実行してください。問題が解決しない場合は、サービスパーソンに連絡してください。
E,040503098,DICOM通信ライブラリでエラーが発生しました。,再度実行してください。問題が解決しない場合は、サービスパーソンに連絡してください。
E,040503099,DICOM通信ライブラリでエラーが発生しました。通信相手のシステムに問題がある可能性があります。,システム管理者に連絡してください。
E,04050309A,DICOM通信ライブラリでエラーが発生しました。通信相手のシステムに問題がある可能性があります。,システム管理者に連絡してください。
E,04050309B,DICOM通信ライブラリでエラーが発生しました。通信相手のシステムに問題がある可能性があります。,システム管理者に連絡してください。
E,04050309C,DICOM通信ライブラリでエラーが発生しました。通信相手のシステムに問題がある可能性があります。,システム管理者に連絡してください。
E,04050309D,DICOM通信ライブラリでエラーが発生しました。通信相手のシステムに問題がある可能性があります。,システム管理者に連絡してください。
E,04050309E,DICOM通信ライブラリでエラーが発生しました。通信相手のシステムに問題がある可能性があります。,システム管理者に連絡してください。
E,0405030A0,DICOM通信ライブラリでアソシエーション情報取得に失敗しました。,再度実行してください。問題が解決しない場合は、サービスパーソンに連絡してください。
E,0405030A1,DICOM通信ライブラリでアソシエーション情報取得に失敗しました。,再度実行してください。問題が解決しない場合は、サービスパーソンに連絡してください。
E,0405030A2,DICOM通信ライブラリでアソシエーション情報取得に失敗しました。,再度実行してください。問題が解決しない場合は、サービスパーソンに連絡してください。
E,0405030A3,DICOM通信ライブラリでアソシエーション情報取得に失敗しました。,再度実行してください。問題が解決しない場合は、サービスパーソンに連絡してください。
E,0405030A4,DICOM通信ライブラリでアソシエーション接続先設定に失敗しました。,設定内容を確認してください。
E,0405030A5,DICOM通信ライブラリでアソシエーション接続先設定に失敗しました。,設定内容を確認してください。
E,0405030A6,DICOM通信ライブラリでアソシエーション接続先設定に失敗しました。,設定内容を確認してください。
E,0405030A7,DICOM通信ライブラリでアソシエーション接続先設定に失敗しました。,設定内容を確認してください。
E,0405030A8,DICOM通信ライブラリでアソシエーション接続先設定に失敗しました。,設定内容を確認してください。
E,0405030A9,DICOM通信ライブラリでアソシエーション接続先設定に失敗しました。,設定内容を確認してください。
E,0405030AA,DICOM通信ライブラリでアソシエーション接続先設定に失敗しました。,設定内容を確認してください。
E,0405030AB,DICOM通信ライブラリでアソシエーション接続先設定に失敗しました。,設定内容を確認してください。
E,0405030AC,設定に誤りがあるためDICOM通信サーバーを起動できませんでした。,設定内容を確認してください。
E,0405030AD,DICOM通信サーバーでアソシエーション接続に失敗しました。通信相手または本システムの設定に問題がある可能性があります。,設定内容を確認してください。
E,0405030AE,DICOM通信サーバーでアソシエーション接続に失敗しました。通信相手または本システムの設定に問題がある可能性があります。,設定内容を確認してください。
E,0405030AF,DICOM通信サーバーでアソシエーション接続に失敗しました。通信相手または本システムの設定に問題がある可能性があります。,設定内容を確認してください。
E,0405030B0,DICOM通信ライブラリでエラーが発生しました。,再度実行してください。問題が解決しない場合は、サービスパーソンに連絡してください。
E,0405030B1,DICOM通信ライブラリでエラーが発生しました。,再度実行してください。問題が解決しない場合は、サービスパーソンに連絡してください。
E,0405030B2,DICOM通信ライブラリでエラーが発生しました。,再度実行してください。問題が解決しない場合は、サービスパーソンに連絡してください。
E,0405030B3,DICOM通信ライブラリでエラーが発生しました。,再度実行してください。問題が解決しない場合は、サービスパーソンに連絡してください。
E,0405030B5,DICOM通信ライブラリでアソシエーション接続先設定に失敗しました。,再度実行してください。問題が解決しない場合は、サービスパーソンに連絡してください。
E,0405030B6,DICOM通信ライブラリでアソシエーション情報取得に失敗しました。,再度実行してください。問題が解決しない場合は、サービスパーソンに連絡してください。
E,0405030B7,DICOM通信ライブラリでエラーが発生しました。,再度実行してください。問題が解決しない場合は、サービスパーソンに連絡してください。
E,0405030B8,DICOM通信ライブラリでエラーが発生しました。,再度実行してください。問題が解決しない場合は、サービスパーソンに連絡してください。
E,0405030B9,DICOM通信ライブラリでエラーが発生しました。,再度実行してください。問題が解決しない場合は、サービスパーソンに連絡してください。
E,0405030BA,DICOM通信ライブラリでエラーが発生しました。,再度実行してください。問題が解決しない場合は、サービスパーソンに連絡してください。
E,0405030BB,DICOM通信ライブラリでエラーが発生しました。,再度実行してください。問題が解決しない場合は、サービスパーソンに連絡してください。
E,0405030BC,DICOM通信ライブラリでエラーが発生しました。,再度実行してください。問題が解決しない場合は、サービスパーソンに連絡してください。
E,0405030BD,DICOM通信ライブラリでエラーが発生しました。,再度実行してください。問題が解決しない場合は、サービスパーソンに連絡してください。
E,0405030BE,DICOM通信ライブラリでエラーが発生しました。,再度実行してください。問題が解決しない場合は、サービスパーソンに連絡してください。
E,040504001,DICOM通信ライブラリでエラーが発生しました。,再度実行してください。問題が解決しない場合は、サービスパーソンに連絡してください。
E,040504002,DICOM通信ライブラリでエラーが発生しました。,再度実行してください。問題が解決しない場合は、サービスパーソンに連絡してください。
E,040504003,DICOM通信ライブラリでエラーが発生しました。,再度実行してください。問題が解決しない場合は、サービスパーソンに連絡してください。
E,040505001,DICOM通信でエラーが発生しました。,再度実行してください。問題が解決しない場合は、サービスパーソンに連絡してください。
E,040505002,DICOM通信でエラーが発生しました。,再度実行してください。問題が解決しない場合は、サービスパーソンに連絡してください。
W,040505003,DICOM通信でエラーが発生しました。,
E,040505004,DICOM通信でエラーが発生しました。,再度実行してください。問題が解決しない場合は、サービスパーソンに連絡してください。
E,040505005,DICOM通信でエラーが発生しました。,再度実行してください。問題が解決しない場合は、サービスパーソンに連絡してください。
E,040505006,DICOM通信でエラーが発生しました。,再度実行してください。問題が解決しない場合は、サービスパーソンに連絡してください。
E,040505007,DICOM通信でエラーが発生しました。,再度実行してください。問題が解決しない場合は、サービスパーソンに連絡してください。
E,040505008,DICOM通信でエラーが発生しました。,再度実行してください。問題が解決しない場合は、サービスパーソンに連絡してください。
E,040505009,DICOM通信でエラーが発生しました。,再度実行してください。問題が解決しない場合は、サービスパーソンに連絡してください。
W,04050500A,DICOM通信でエラーが発生しました。,
E,04050500B,DICOM通信でエラーが発生しました。,再度実行してください。問題が解決しない場合は、サービスパーソンに連絡してください。
E,04050500C,DICOM通信でエラーが発生しました。,再度実行してください。問題が解決しない場合は、サービスパーソンに連絡してください。
E,04050500D,DICOM通信でエラーが発生しました。,再度実行してください。問題が解決しない場合は、サービスパーソンに連絡してください。
E,04050500E,DICOM通信でエラーが発生しました。,再度実行してください。問題が解決しない場合は、サービスパーソンに連絡してください。
E,04050500F,DICOM通信でエラーが発生しました。,再度実行してください。問題が解決しない場合は、サービスパーソンに連絡してください。
E,040505010,DICOM通信でエラーが発生しました。,再度実行してください。問題が解決しない場合は、サービスパーソンに連絡してください。
E,040505011,DICOM通信でエラーが発生しました。,再度実行してください。問題が解決しない場合は、サービスパーソンに連絡してください。
E,040505012,DICOM通信でエラーが発生しました。,再度実行してください。問題が解決しない場合は、サービスパーソンに連絡してください。
E,040505013,DICOM通信でエラーが発生しました。,再度実行してください。問題が解決しない場合は、サービスパーソンに連絡してください。
E,040505014,DICOM通信でエラーが発生しました。,再度実行してください。問題が解決しない場合は、サービスパーソンに連絡してください。
E,040505015,DICOM通信のレスポンスがエラーでした。,通信相手を確認してください。
W,040505016,DICOM通信でエラーが発生しました。,
E,040505017,DICOM通信でエラーが発生しました。,再度実行してください。問題が解決しない場合は、サービスパーソンに連絡してください。
E,040505018,DICOM通信のレスポンスがエラーでした。,通信相手を確認してください。
E,04050501B,DICOM通信でエラーが発生しました。,再度実行してください。問題が解決しない場合は、サービスパーソンに連絡してください。
W,04050501C,DICOM通信でエラーが発生しました。,
W,04050501D,DICOM通信でエラーが発生しました。,
W,04050501E,DICOM通信でエラーが発生しました。,
E,04050501F,DICOM通信でエラーが発生しました。,システム管理者に連絡してください。
E,040505020,DICOM通信のレスポンスがエラーでした。,通信相手を確認してください。
W,040505021,DICOMプリンタ出力でエラーが発生しました。,システム管理者に連絡してください。
W,040505022,DICOMプリンタ出力でエラーが発生しました。,システム管理者に連絡してください。
W,040505023,DICOMプリンタ出力でエラーが発生しました。,システム管理者に連絡してください。
W,040505024,DICOMプリンタ出力でエラーが発生しました。,
W,040505025,DICOMプリンタ出力でエラーが発生しました。,
W,040505026,DICOMプリンタ出力でエラーが発生しました。,
E,040505027,DICOMプリンタ出力でエラーが発生しました。,システム管理者に連絡してください。
E,040505028,DICOMプリンタ出力でエラーが発生しました。,しばらく経ってから再度実行してください。
E,040505029,DICOMプリンタ出力でエラーが発生しました。,システム管理者に連絡してください。
E,040505031,DICOM通信のレスポンスがエラーでした。,通信相手を確認してください。
E,04050502A,DICOMプリンタ出力でエラーが発生しました。,システム管理者に連絡してください。
W,04050502B,DICOMプリンタ出力でエラーが発生しました。,システム管理者に連絡してください。
E,04050502C,DICOMプリンタ出力でエラーが発生しました。,しばらく経ってから再度実行してください。
W,04050502D,DICOMプリンタ出力でエラーが発生しました。,
E,04050502E,DICOMプリンタ出力でエラーが発生しました。,システム管理者に連絡してください。
E,04050502F,DICOMプリンタ出力でエラーが発生しました。,しばらく経ってから再度実行してください。
W,040505030,出力は正常でしたが、DICOMプリンタからステータスWARNINGを受信しました。,DICOMプリンタを確認してください。
E,040506001,DICOMプリンタからステータスFAILUREを受信したため、出力を中断しました。,DICOMプリンタを確認してください。
E,040507001,DICOM StorageCommitmentが失敗しました。,再度実行してください。問題が解決しない場合は、サービスパーソンに連絡してください。
E,040507002,DICOM StorageCommitmentが失敗しました。,問題が解決しない場合は、サービスパーソンに連絡してください。
E,040507003,DICOM StorageCommitmentが失敗しました。,問題が解決しない場合は、サービスパーソンに連絡してください。
E,040507004,DICOM StorageCommitmentが失敗しました。,問題が解決しない場合は、サービスパーソンに連絡してください。
E,040507005,DICOM StorageCommitmentが失敗しました。,問題が解決しない場合は、サービスパーソンに連絡してください。
E,040507006,DICOM StorageCommitmentが失敗しました。,再度実行してください。問題が解決しない場合は、サービスパーソンに連絡してください。
E,040507007,DICOM StorageCommitmentが失敗しました。,問題が解決しない場合は、サービスパーソンに連絡してください。
E,040508001,DICOMディスクの作成に失敗しました。ディスクの交換、書き込み速度の変更、システムの再起動などを行うことで問題が解決する場合があります。,問題が解決しない場合は、サービスパーソンに連絡してください。
E,040508002,DICOMディスクの作成に失敗しました。指定されたディスクレコーダが見つかりません。,設定内容を確認してください。
E,04050FFFF,予期せぬエラーが発生しました。,システムを再起動してください。再起動後も問題が解決しない場合は、サービスパーソンに連絡してください。
E,040600001,内部エラーが発生しました。,再度実行してください。問題が解決しない場合は、サービスパーソンに連絡してください。
E,040600002,システムエラーが発生しました。,再度実行してください。問題が解決しない場合は、サービスパーソンに連絡してください。
F,040600003,データベースに対する操作が失敗しました。,システムを再起動してください。再起動後も問題が解決しない場合は、サービスパーソンに連絡してください。
F,040600004,データベースに対する操作が失敗しました。,システムを再起動してください。再起動後も問題が解決しない場合は、サービスパーソンに連絡してください。
F,040600005,データベースに対する操作が失敗しました。,システムを再起動してください。再起動後も問題が解決しない場合は、サービスパーソンに連絡してください。
E,040600006,内部エラーが発生しました。,再度実行してください。問題が解決しない場合は、サービスパーソンに連絡してください。
E,040600007,内部エラーが発生しました。,再度実行してください。問題が解決しない場合は、サービスパーソンに連絡してください。
E,040600008,ディスクのアクセスに失敗しました。,ディスクを確認して、プロセスビューワより再度実行してください。
E,040600009,ディスクの空き容量が不足していたため、処理を続行できませんでした。,新しいディスクに交換して、プロセスビューワより再度実行してください。書き込み中の場合は、書き込み完了を待ってから交換してください。
E,04060000A,ディスクのアクセスに失敗しました。,ディスクを確認して、再度実行してください。
E,04060000B,エラーが発生したため再試行できません。,エラーが発生したプロセスを削除し、過去検査リストから再出力してください。
E,04060000C,検査情報再選択実施前の古い情報で出力しようとしています。,古い情報では出力できないため、該当プロセスを削除してください。
E,04060000D,書き込み先が処理中のため実行できませんでした。,エラーが発生したプロセスを削除し、過去検査リストから再出力してください。
E,04060000E,DICOMディスク作成エラーは再試行できません。,該当プロセスを削除し、過去検査リストから再出力してください。
F,040700000,内部エラーが発生しました。,問題が解決しない場合は、サービスパーソンに連絡してください。
F,040700001,内部エラーが発生しました。,問題が解決しない場合は、サービスパーソンに連絡してください。
F,040700002,内部エラーが発生しました。,問題が解決しない場合は、サービスパーソンに連絡してください。
F,040700003,内部エラーが発生しました。,問題が解決しない場合は、サービスパーソンに連絡してください。
F,040700004,内部エラーが発生しました。,問題が解決しない場合は、サービスパーソンに連絡してください。
F,040700005,内部エラーが発生しました。,問題が解決しない場合は、サービスパーソンに連絡してください。
E,040700006,画像のファイル読み込みに失敗しました。,問題が解決しない場合は、サービスパーソンに連絡してください。
F,040700007,内部エラーが発生しました。,問題が解決しない場合は、サービスパーソンに連絡してください。
F,040700008,内部エラーが発生しました。,問題が解決しない場合は、サービスパーソンに連絡してください。
F,040700009,メモリの割り当てに失敗しました。,問題が解決しない場合は、サービスパーソンに連絡してください。
F,040700010,メモリの割り当て解除に失敗しました。,問題が解決しない場合は、サービスパーソンに連絡してください。
F,040700011,メモリの割り当て解除に失敗しました。,問題が解決しない場合は、サービスパーソンに連絡してください。
F,040700012,グラフィックカードが要求スペックを満たしていません。撮影に失敗する可能性があります。,サービスパーソンに連絡してください。
F,040700100,システムのメモリ設定が不正です。,設定内容を確認してください。
F,040800001,データベースに対する操作が失敗しました。,システムを再起動してください。再起動後も問題が解決しない場合は、サービスパーソンに連絡してください。
F,040800002,予期せぬエラーが発生しました。,システムを再起動してください。再起動後も問題が解決しない場合は、サービスパーソンに連絡してください。
E,040800003,ワークスペースの切り替えに失敗しました。,再度実行してください。問題が解決しない場合は、サービスパーソンに連絡してください。
E,040800004,未知のコードバリューの関連付けに失敗しました。 ,入力情報を確認し、再度実行してください。問題が解決しない場合は、サービスパーソンに連絡してください。
E,040800005,プロトコルのコピーに失敗しました。 ,入力情報を確認し、再度実行してください。問題が解決しない場合は、サービスパーソンに連絡してください。
W,040800006,入力された情報を使用するレコードがデータベースに存在するため登録できません。,
E,040800007,プリパックプロトコルの登録に失敗しました。 ,入力情報を確認し、再度実行してください。問題が解決しない場合は、サービスパーソンに連絡してください。
E,040800008,プロトコルボタンの配置に失敗しました。 ,入力情報を確認し、再度実行してください。問題が解決しない場合は、サービスパーソンに連絡してください。
E,040800009,プロトコルボタンの削除に失敗しました。 ,入力情報を確認し、再度実行してください。問題が解決しない場合は、サービスパーソンに連絡してください。
E,04080000A,シングルプロトコルボタンの更新に失敗しました。 ,入力情報を確認し、再度実行してください。問題が解決しない場合は、サービスパーソンに連絡してください。
E,04080000B,プリパックプロトコルボタンの更新に失敗しました。 ,入力情報を確認し、再度実行してください。問題が解決しない場合は、サービスパーソンに連絡してください。
E,04080000C,プロトコルボタンの移動に失敗しました。 ,入力情報を確認し、再度実行してください。問題が解決しない場合は、サービスパーソンに連絡してください。
E,04080000D,プリパックプロトコル情報の取得に失敗しました。 ,入力情報を確認し、再度実行してください。問題が解決しない場合は、サービスパーソンに連絡してください。
E,04080000E,トレイ情報の更新に失敗しました。 ,入力情報を確認し、再度実行してください。問題が解決しない場合は、サービスパーソンに連絡してください。
E,04080000F,画像処理パラメータの取得に失敗しました。,入力情報を確認し、再度実行してください。問題が解決しない場合は、サービスパーソンに連絡してください。
E,040800010,画像処理パラメータの取得に失敗しました。,再度実行してください。問題が解決しない場合は、サービスパーソンに連絡してください。
E,040800011,画像処理パラメータの保存に失敗しました。,入力情報を確認し、再度実行してください。問題が解決しない場合は、サービスパーソンに連絡してください。
E,040800012,画像処理パラメータの保存に失敗しました。,再度実行してください。問題が解決しない場合は、サービスパーソンに連絡してください。
W,040800013,ワークスペースステータスの取得に失敗しました。,
W,040800014,ワークスペースステータスの取得に失敗しました。指定されたワークスペースはセンサーを使用していません。,
E,040800015,内部エラーが発生しました。,再度実行してください。問題が解決しない場合は、サービスパーソンに連絡してください。
E,040800016,内部エラーが発生しました。,再度実行してください。問題が解決しない場合は、サービスパーソンに連絡してください。
F,040800017,ワークスペースの設定が不十分のため、起動できません。,サービスツールにて設定を行ってください。
W,040800018,実施情報の更新に失敗しました。,
E,040800100,存在しないプロトコルが含まれているため、検査を開始できません。,対象のプロトコルを削除してから再度実行してください。
F,040A00001,データベースに対する操作が失敗しました。,システムを再起動してください。再起動後も問題が解決しない場合は、サービスパーソンに連絡してください。
F,040A00002,予期せぬエラーが発生しました。,システムを再起動してください。再起動後も問題が解決しない場合は、サービスパーソンに連絡してください。
E,040A00003,ユーザ名、またはパスワードが正しくありません。,再度入力してください。
E,040A00004,パスワードの暗号化に失敗しました。,再度実行してください。問題が解決しない場合は、サービスパーソンに連絡してください。
E,040A00005,パスワードの復号化に失敗しました。,再度実行してください。問題が解決しない場合は、サービスパーソンに連絡してください。
E,040A00006,ユーザ名、またはパスワードが正しくありません。,再度入力してください。
E,040A00007,ユーザ名、またはパスワードが正しくありません。,再度入力してください。
E,040A00008,ユーザ名、またはパスワードが正しくありません。,再度入力してください。
E,040A00009,ユーザ情報の登録に失敗しました。 ,入力情報を確認し、再度実行してください。問題が解決しない場合は、サービスパーソンに連絡してください。
E,040A0000A,ユーザ情報の更新に失敗しました。 ,入力情報を確認し、再度実行してください。問題が解決しない場合は、サービスパーソンに連絡してください。
E,040A0000B,ユーザ情報の更新に失敗しました。 ,入力情報を確認し、再度実行してください。問題が解決しない場合は、サービスパーソンに連絡してください。
E,040A0000C,パスワードの確認が失敗しました。 ,入力情報を確認し、再度実行してください。問題が解決しない場合は、サービスパーソンに連絡してください。
E,040A0000D,ユーザ情報の削除に失敗しました。 ,入力情報を確認し、再度実行してください。問題が解決しない場合は、サービスパーソンに連絡してください。
E,040A0000E,ユーザ情報の削除に失敗しました。削除要求のユーザはデータベースに存在しません。,再度実行してください。問題が解決しない場合は、サービスパーソンに連絡してください。
E,040A0000F,ロールIDの取得に失敗しました。指定されてロール名はデータベースに存在しません。,再度実行してください。問題が解決しない場合は、サービスパーソンに連絡してください。
E,040A00010,ロール情報の登録に失敗しました。 ,入力情報を確認し、再度実行してください。問題が解決しない場合は、サービスパーソンに連絡してください。
E,040A00011,権限情報の登録に失敗しました。 ,入力情報を確認し、再度実行してください。問題が解決しない場合は、サービスパーソンに連絡してください。
E,040A00012,ロール情報の更新に失敗しました。 ,入力情報を確認し、再度実行してください。問題が解決しない場合は、サービスパーソンに連絡してください。
E,040A00013,権限情報の登録に失敗しました。 ,入力情報を確認し、再度実行してください。問題が解決しない場合は、サービスパーソンに連絡してください。
E,040A00014,ロール情報の削除に失敗しました。 ,入力情報を確認し、再度実行してください。問題が解決しない場合は、サービスパーソンに連絡してください。
E,040A00015,権限情報の削除に失敗しました。 ,入力情報を確認し、再度実行してください。問題が解決しない場合は、サービスパーソンに連絡してください。
E,040A00016,ロール詳細情報の登録に失敗しました。 ,入力情報を確認し、再度実行してください。問題が解決しない場合は、サービスパーソンに連絡してください。
E,040A00017,ロール詳細情報の更新に失敗しました。 ,入力情報を確認し、再度実行してください。問題が解決しない場合は、サービスパーソンに連絡してください。
E,040A00018,ロール詳細情報の削除に失敗しました。 ,入力情報を確認し、再度実行してください。問題が解決しない場合は、サービスパーソンに連絡してください。
F,040B00001,内部エラーが発生しました。,システムを再起動してください。再起動後も問題が解決しない場合は、サービスパーソンに連絡してください。
F,040B00002,内部エラーが発生しました。,システムを再起動してください。再起動後も問題が解決しない場合は、サービスパーソンに連絡してください。
F,040B00004,内部エラーが発生しました。,システムを再起動してください。再起動後も問題が解決しない場合は、サービスパーソンに連絡してください。
E,040B00005,接続されたセンサーのシリアルナンバーが登録されていません。,サービスパーソンに連絡してください。
F,040B00007,内部エラーが発生しました。,システムを再起動してください。再起動後も問題が解決しない場合は、サービスパーソンに連絡してください。
F,040B00FFF,内部エラーが発生しました。,システムを再起動してください。再起動後も問題が解決しない場合は、サービスパーソンに連絡してください。
F,040D00001,データベースに対する操作が失敗しました。,システムを再起動してください。再起動後も問題が解決しない場合は、サービスパーソンに連絡してください。
F,040D00002,予期せぬエラーが発生しました。,システムを再起動してください。再起動後も問題が解決しない場合は、サービスパーソンに連絡してください。
W,040D00003,検査情報ファイルの作成に失敗しました。ユーザにより作成が中断されました。,
E,040D00004,検査情報ファイルの作成に失敗しました。 ,入力情報を確認し、再度実行してください。問題が解決しない場合は、サービスパーソンに連絡してください。
W,040D00005,ハードディスクの空き容量確保に失敗しました。,
W,040D00006,ハードディスクの空き容量確保に失敗しました。,
W,040D00007,ハードディスクの空き容量確保に失敗しました。,
W,040D00008,ハードディスクの空き容量確保に失敗しました。,
W,040D00009,ハードディスクの空き容量確保に失敗しました。,
W,040D0000A,ハードディスクの空き容量確保に失敗しました。,
W,040D0000B,ドライブの空き容量の取得に失敗しました。,入力情報を確認してください。
W,040D0000C,ドライブの全体容量の取得に失敗しました。,入力情報を確認してください。
W,040D0000D,ハードディスクの空き容量確保を開始できませんでした。,入力情報を確認してください。
W,040D0000E,ハードディスクの空き容量確保を開始できませんでした。,
W,040D0000F,プリンタ情報の更新に失敗しました。,入力情報を確認してください。
W,040D00010,フィルムの作成に失敗しました。,入力情報を確認してください。
E,040D00011,MACAddressの取得に失敗しました。,通信相手の設定内容を確認してください。
F,040D00012,ネットワーク情報の取得に失敗しました。,ネットワークの設定内容を確認してください。問題が解決しない場合は、サービスパーソンに連絡してください。
W,040D00013,センサーのシリアル番号からUIDの生成に失敗しました。,入力情報を確認してください。
E,040D00014,年齢の自動計算に失敗しました。,入力情報を確認してください。
W,040D00015,検査情報ファイルの作成を開始できませんでした。,
W,040D00016,検査情報ファイルの作成を開始できませんでした。開始日時が終了日時よりも大きな値が設定されています。,
W,040D00017,検査情報ファイルの作成を開始できませんでした。データベースにファイルを作成するためのレコードが存在しません。,
E,040D00018,転送に必要なデータの作成に失敗しました。,再度実行してください。問題が解決しない場合は、サービスパーソンに連絡してください。
E,040D00019,転送に必要なデータの作成に失敗しました。,再度実行してください。問題が解決しない場合は、サービスパーソンに連絡してください。
E,040D0001A,転送に必要なデータの作成に失敗しました。,再度実行してください。問題が解決しない場合は、サービスパーソンに連絡してください。
E,040D0001B,転送に必要なデータの作成に失敗しました。,再度実行してください。問題が解決しない場合は、サービスパーソンに連絡してください。
E,040D0001C,転送に必要なデータの作成に失敗しました。,入力情報を確認し、再度実行してください。問題が解決しない場合は、サービスパーソンに連絡してください。
E,040D0001D,システム情報の取得に失敗しました。,再度実行してください。問題が解決しない場合は、サービスパーソンに連絡してください。
F,040D0001E,ライセンスが認証されていない可能性があります。,サービスパーソンに連絡してください。
E,040D0001F,ハードディスクの空き容量確保に失敗しました。,再起動後も問題が解決しない場合は、サービスパーソンに連絡してください。
E,040D00020,ライセンスが認証されていないため、起動可能回数が制限されています。,サービスパーソンに連絡してください。
E,040D00100,ドライブの制御に失敗しました。,入力情報を確認してください。
E,040D00200,予期せぬエラーが発生しました。監視機能を無効にします。,サービスパーソンに連絡してください。
E,040D00201,監視設定に指定したネットワークインタフェースが見つかりません。監視機能を無効にします。,サービスパーソンに連絡してください。
F,040E00000,内部エラーが発生しました。,問題が解決しない場合は、サービスパーソンに連絡してください。
F,040E00001,内部エラーが発生しました。,問題が解決しない場合は、サービスパーソンに連絡してください。
F,040E00002,内部エラーが発生しました。,問題が解決しない場合は、サービスパーソンに連絡してください。
F,040E00003,内部エラーが発生しました。,問題が解決しない場合は、サービスパーソンに連絡してください。
F,040E00004,内部エラーが発生しました。,問題が解決しない場合は、サービスパーソンに連絡してください。
F,040E00005,内部エラーが発生しました。,問題が解決しない場合は、サービスパーソンに連絡してください。
F,040E00006,内部エラーが発生しました。,問題が解決しない場合は、サービスパーソンに連絡してください。
F,040E00007,内部エラーが発生しました。,問題が解決しない場合は、サービスパーソンに連絡してください。
F,040E00008,内部エラーが発生しました。,問題が解決しない場合は、サービスパーソンに連絡してください。
F,040E00010,内部エラーが発生しました。,問題が解決しない場合は、サービスパーソンに連絡してください。
F,040E00011,内部エラーが発生しました。,問題が解決しない場合は、サービスパーソンに連絡してください。
F,040E00012,内部エラーが発生しました。,問題が解決しない場合は、サービスパーソンに連絡してください。
F,040E00013,内部エラーが発生しました。,問題が解決しない場合は、サービスパーソンに連絡してください。
F,040E00100,内部エラーが発生しました。,問題が解決しない場合は、サービスパーソンに連絡してください。
F,040E00101,内部エラーが発生しました。,問題が解決しない場合は、サービスパーソンに連絡してください。
F,040E00102,表示用画像処理でエラーが発生しました。,問題が解決しない場合は、サービスパーソンに連絡してください。
F,040E00103,表示用画像処理でエラーが発生しました。,問題が解決しない場合は、サービスパーソンに連絡してください。
F,040E00104,内部エラーが発生しました。,問題が解決しない場合は、サービスパーソンに連絡してください。
F,040E00105,表示用画像処理でエラーが発生しました。,問題が解決しない場合は、サービスパーソンに連絡してください。
F,040E00106,内部エラーが発生しました。,問題が解決しない場合は、サービスパーソンに連絡してください。
F,040E00107,内部エラーが発生しました。,問題が解決しない場合は、サービスパーソンに連絡してください。
F,040E00108,内部エラーが発生しました。,問題が解決しない場合は、サービスパーソンに連絡してください。
F,040E00109,内部エラーが発生しました。,問題が解決しない場合は、サービスパーソンに連絡してください。
F,040E00110,内部エラーが発生しました。,問題が解決しない場合は、サービスパーソンに連絡してください。
F,040E00111,内部エラーが発生しました。,問題が解決しない場合は、サービスパーソンに連絡してください。
F,040E00200,内部エラーが発生しました。,問題が解決しない場合は、サービスパーソンに連絡してください。
F,040E00201,内部エラーが発生しました。,問題が解決しない場合は、サービスパーソンに連絡してください。
F,040E00202,内部エラーが発生しました。,問題が解決しない場合は、サービスパーソンに連絡してください。
F,040E00203,内部エラーが発生しました。,問題が解決しない場合は、サービスパーソンに連絡してください。
F,040E00204,内部エラーが発生しました。,問題が解決しない場合は、サービスパーソンに連絡してください。
F,040E00205,内部エラーが発生しました。,問題が解決しない場合は、サービスパーソンに連絡してください。
F,040E00206,内部エラーが発生しました。,問題が解決しない場合は、サービスパーソンに連絡してください。
F,040E00207,内部エラーが発生しました。,問題が解決しない場合は、サービスパーソンに連絡してください。
F,040E00208,内部エラーが発生しました。,問題が解決しない場合は、サービスパーソンに連絡してください。
F,040E00209,内部エラーが発生しました。,問題が解決しない場合は、サービスパーソンに連絡してください。
F,040E00210,内部エラーが発生しました。,問題が解決しない場合は、サービスパーソンに連絡してください。
F,040E00211,内部エラーが発生しました。,問題が解決しない場合は、サービスパーソンに連絡してください。
F,040E00212,内部エラーが発生しました。,問題が解決しない場合は、サービスパーソンに連絡してください。
F,040E00213,表示用画像処理でエラーが発生しました。,問題が解決しない場合は、サービスパーソンに連絡してください。
F,040E00214,内部エラーが発生しました。,問題が解決しない場合は、サービスパーソンに連絡してください。
F,040E00215,内部エラーが発生しました。,問題が解決しない場合は、サービスパーソンに連絡してください。
F,040E00216,内部エラーが発生しました。,問題が解決しない場合は、サービスパーソンに連絡してください。
F,040E00217,内部エラーが発生しました。,問題が解決しない場合は、サービスパーソンに連絡してください。
F,040E00218,内部エラーが発生しました。,問題が解決しない場合は、サービスパーソンに連絡してください。
F,040E00219,内部エラーが発生しました。,問題が解決しない場合は、サービスパーソンに連絡してください。
F,040E00220,内部エラーが発生しました。,問題が解決しない場合は、サービスパーソンに連絡してください。
E,040E01000,画像の解析処理に失敗しました。,手動で画像調整を行う必要があります。
E,040E01001,エクストラ欠陥補正ファイルの読み込みに失敗しました。,問題が解決しない場合は、サービスパーソンに連絡してください。
E,040E01002,内部エラーが発生しました。,再度実行してください。問題が解決しない場合は、サービスパーソンに連絡してください。
F,040F00001,データベースに対する操作が失敗しました。,システムを再起動してください。再起動後も問題が解決しない場合は、サービスパーソンに連絡してください。
F,040F00002,予期せぬエラーが発生しました。,システムを再起動してください。再起動後も問題が解決しない場合は、サービスパーソンに連絡してください。
E,040F00003,ストレージサーバー情報の更新が失敗しました。,入力情報を確認してください。
E,040F00004,MWLサーバー情報の更新が失敗しました。,入力情報を確認してください。
E,040F00005,MPPSサーバー情報の更新が失敗しました。,入力情報を確認してください。
E,040F00006,QRサーバー情報の更新が失敗しました。,入力情報を確認してください。
E,041000001,内部エラーが発生しました。,再度実行してください。問題が解決しない場合は、サービスパーソンに連絡してください。
E,041000002,システムエラーが発生しました。,再度実行してください。問題が解決しない場合は、サービスパーソンに連絡してください。
F,041000003,データベースに対する操作が失敗しました。,再度実行してください。問題が解決しない場合は、サービスパーソンに連絡してください。
E,041000004,不正なStudyを読み込みました。,検査ファイルを確認してください。
E,041000005,入力情報に不正な値が含まれていました。不正があった値は空白に置き換えました。,検査ファイルを確認してください。
E,041000006,指定したIDが検査ファイルに見つかりません。,検査ファイルを確認してください。
E,041000007,正規表現による入力校正でエラーが発生しました。,問題が解決しない場合は、サービスパーソンに連絡してください。
E,041000008,スクリプトによる入力校正でエラーが発生しました。,問題が解決しない場合は、サービスパーソンに連絡してください。
E,041000010,CCRHISライブラリにてエラーが発生しました。,再度実行してください。問題が解決しない場合は、サービスパーソンに連絡してください。
E,041000011,この検査自動化パックのバージョンはサポートされていません。,サービスパーソンに連絡してください。
E,041000012,CCRHISライブラリにてエラーが発生しました。,再度実行してください。問題が解決しない場合は、サービスパーソンに連絡してください。
E,041000020,検査取得数の上限に達しているため、検査ファイルの読み込みを中止しました。,保留中の検査を終了し、再度読み込んでください。
E,041000021,不正なStudyを読み込みました。不正なStudyは表示していません。,検査ファイルを確認してください。
E,041000022,入力情報に不正な値が含まれていました。不正があった値は空白に置き換えました。,検査ファイルを確認してください。
E,041000023,検査ファイルの読み込みに失敗しました。,設定内容を確認してください。
E,041000024,検査ファイルの自動更新処理でエラーが発生しました。,設定内容を確認してください。
E,041000025,検査ファイルの読み込みに失敗しました。,検査ファイルを確認してください。
E,041100001,内部エラーが発生しました。,再度実行してください。問題が解決しない場合は、サービスパーソンに連絡してください。
E,041100002,システムエラーが発生しました。,再度実行してください。問題が解決しない場合は、サービスパーソンに連絡してください。
F,041100003,データベースに対する操作が失敗しました。,再度実行してください。問題が解決しない場合は、サービスパーソンに連絡してください。
E,041100004,CxdiInfoの起動に失敗しました。,設定内容を確認してください。
F,050500001,内部エラーが発生しました。,システムを再起動してください。再起動後も問題が解決しない場合は、サービスパーソンに連絡してください。
F,050500002,内部エラーが発生しました。,システムを再起動してください。再起動後も問題が解決しない場合は、サービスパーソンに連絡してください。
F,050500FFF,内部エラーが発生しました。,システムを再起動してください。再起動後も問題が解決しない場合は、サービスパーソンに連絡してください。
W,050501002,センサーでFlash ROMエラーを検出しました。,サービスパーソンに連絡してください。
W,050501003,センサーでFlash ROMエラーを検出しました。,サービスパーソンに連絡してください。
W,050501004,センサーでFlash ROMエラーを検出しました。,サービスパーソンに連絡してください。
W,050501005,グリッドエラーにより、画像に異常があるかもしれません。,
E,050501006,センサー内部温度が上限値を超えました。,温度が下がるまで撮影できません。
W,050501007,センサー内部温度が上限値に近づいています。,撮影部をREADY状態のまま放置しないでください。
E,050501008,駆動回路エラーが発生しました。,サービスパーソンに連絡してください。
E,050501009,駆動回路エラーが発生しました。,サービスパーソンに連絡してください。
E,05050100A,センサーの構成に異常を検出しました。,サービスパーソンに連絡してください。
E,05050100B,センサーの構成に異常を検出しました。,サービスパーソンに連絡してください。
E,05050100C,センサーで制御線のエラーを検出しました。,サービスパーソンに連絡してください。
E,05050100D,センサーで制御線のエラーを検出しました。,サービスパーソンに連絡してください。
W,05050100E,センサーでエラーを検出しました。,
W,05050100F,センサーでエラーを検出しました。,
E,050501010,画像データの転送に失敗しました。,再度実行してください。問題が解決しない場合は、サービスパーソンに連絡してください。
W,050501011,画像データの転送を中断しました。,
E,050501012,センサー用アナログ電源に異常を検知しました。,サービスパーソンに連絡してください。
W,050501013,グリッドID読み出しエラーを検知しました。,
E,050501014,グリッドエラーを検知しました。,サービスパーソンに連絡してください。
W,050501015,グリッドエラーにより、画像に異常があるかもしれません。,
E,050501016,ファームウェアが違います。,サービスパーソンに連絡してください。
F,050502001,センサー通信エラーが発生しました。,システムを再起動してください。再起動後も問題が解決しない場合は、サービスパーソンに連絡してください。
F,050502009,センサー通信エラーが発生しました。,システムを再起動してください。再起動後も問題が解決しない場合は、サービスパーソンに連絡してください。
F,05050200C,センサー通信エラーが発生しました。,システムを再起動してください。再起動後も問題が解決しない場合は、サービスパーソンに連絡してください。
F,05050200D,センサー通信エラーが発生しました。,システムを再起動してください。再起動後も問題が解決しない場合は、サービスパーソンに連絡してください。
F,05050200E,センサー通信エラーが発生しました。,システムを再起動してください。再起動後も問題が解決しない場合は、サービスパーソンに連絡してください。
E,050502010,センサー通信エラーが発生しました。,ケーブルが断線している、センサー電源断等の可能性があります。ケーブルが正しく接続されていることを確認し、センサーを再起動してください。再起動後も問題が解決しない場合は、サービスパーソンに連絡してください。
W,050502014,照射待ち状態がタイムアウトしました。,
E,05050201C,センサー通信エラーが発生しました。,センサーに異常が発生したか、センサーの電源が入っていない可能性があります。ケーブルが正しく接続されていることを確認し、センサーを再起動してください。再起動後も問題が解決しない場合は、サービスパーソンに連絡してください。
F,05050201E,センサー通信エラーが発生しました。,システムを再起動してください。再起動後も問題が解決しない場合は、サービスパーソンに連絡してください。
E,050502026,センサー通信エラーが発生しました。,ケーブルが断線している、センサー電源断等の可能性があります。ケーブルが正しく接続されていることを確認し、センサーを再起動してください。再起動後も問題が解決しない場合は、サービスパーソンに連絡してください。
E,050503001,センサーから画像の読み込みに失敗しました。,再度実行してください。問題が解決しない場合は、サービスパーソンに連絡してください。
W,050503002,照射待ちがキャンセルされました。,
W,050503003,照射待ち要求がタイムアウトしました。,
E,050503005,センサーからの読み込み画像に異常を検出しました。,センサーを再起動してください。また、画像を確認し異常がある場合は、再度撮影を実行してください。問題が解決しない場合は、サービスパーソンに連絡してください。
F,050503006,画像転送エラーが発生しました。,システムを再起動してください。再起動後も問題が解決しない場合は、サービスパーソンに連絡してください。
E,050600001,出力用の画像生成中に、データベースに対する操作が失敗しました。,問題が解決しない場合は、サービスパーソンに連絡してください。
E,050600002,出力用の画像生成中に、画像のファイル読み込みに失敗しました。,問題が解決しない場合は、サービスパーソンに連絡してください。
E,050600003,出力用の画像生成中に、画像処理に失敗しました。,問題が解決しない場合は、サービスパーソンに連絡してください。
E,05060FFFF,出力用の画像生成中に、システムエラーが発生しました。,問題が解決しない場合は、サービスパーソンに連絡してください。
E,050800500,内部エラーが発生しました。,問題が解決しない場合は、サービスパーソンに連絡してください。
E,050800501,内部エラーが発生しました。,問題が解決しない場合は、サービスパーソンに連絡してください。

